STATUS,SCORE,X,Y,ARC_KEYFIELD,FNAME,LOC_METHOD,ADDRESS,CITY,ZIP,JURISDIC,DAYTIME_OCC,NIGHT_OCC,NO_STORIES,FUNCUSE_VALUE,YR_CONST,DISPLACECOSTDAY,AREASQFT,BLDG_VALUE,CONTENT_VALUE,CONTENT_VALUE_YR,VALUATION_YR,CONTENTS_DESC,BLDG_VALU_TYPE,TYPE_FACI,BLDG_TYPE_CODE,OCCUP_CODE,FAC_TYPE,PIN,PIN2,ARC_CALC_LAT_Y,ARC_CALC_LONG_X,GIS_VERIFIED,GIS_ADD_FAC,NEED_VERIFICATION,GEMA_FAC_TYP,GEN_TYPE,FLDZN_PARCEL,FLDZN_FACILTY,SPATIAL_LOC,EX_LANDUSE,GEMA_LONG,GEMA_LAT,ARC_LONG,ARC_LAT,ARC_DMS_LONG,ARC_DMS_LAT,HazMit2011
M,100,705493.0625,1208193.673,214-0-055-00-0,AFD- Engine Co #19,GPS,1600 Browns Road,Augusta,30815,"Augusta, GA",3,3,1,,2004,,148200,"1,277,000","750,000",2004,2004,"pump, furniture",Market Value,Essential Facility,URM,GOV2,Fire Station,214-0-055-00-0,214-0-055-00-0,1208377.73077324,705583.848981149,6/14/2005,N,,Fire Station,Fire Station,,,Augusta,,,,-82.004886,33.321933,"82d00'17.59""W","33d19'18.96""N",
M,100,730142.4688,1255953.795,076-0-002-01-0,AFD- Engine Co #19 (Abandoned),GPS,635 Sand Bar Ferry Road,Augusta,30906,"Augusta, GA",,,1,,approx 1970,,"1,600",73000,,,2004,,Augusta-Richmond County Tax Assessors Value,Other Facility,,GOV1,Fire Station (Abandoned),076-0-002-01-0,076-0-002-01-0,1255922.3887886,730148.11291487,6/14/2005,N,,Fire Station (Abandoned),Public Building,,,Augusta,,-84.324407,33.716153,-81.924106,33.452475,"81d55'26.78""W","33d27'08.91""N",
M,100,705889.4063,1270795.929,027-0-001-00-0,Julian Smith Bar B Que Pit,,87 Milledge Rd,Augusta,30904,"Augusta, GA",200,200,1,,1999,,"5,400","175,000","40,000",,,"kitchen appliances,rental equip/furniture",,Important Facility,,COM8,Recreation Facility,027-0-001-00-0,027-0-001-00-0,1270776.39920399,705936.815045627,6/14/2005,N,,Recreation Facility,Other,Y,N,Augusta,CONSERVATION/REC,,,-82.003408,33.493428,"82d00'12.27""W","33d29'36.34""N",
M,100,705889.4063,1270795.929,027-0-001-00-0,Julian Smith Casino,,2205 Broad Street,Augusta,30904,"Augusta, GA",400,400,1,,1995,,"10,500","250,000","40,000",,,"rec equip,kitchen appliances,office furniture/equi",,Important Facility,,COM8,Recreation Facility,027-0-001-00-0,027-0-001-00-0,1269741.96534125,704817.755462643,6/14/2005,N,,Recreation Facility,Other,Y,N,Augusta,CONSERVATION/REC,,,-82.007086,33.490589,"82d00'25.51""W","33d29'26.12""N",
M,100,719759.75,1260694.615,047-4-451-00-0,May Park Community Center,,622 4th Street,Augusta,30901,"Augusta, GA",500,500,1,,1978,,"17,000",2.5 mil,80m000,,,"office equip/furniture,kitchen appliances,rec equi",,Important Facility,,COM8,Recreation Facility,047-4-451-00-0,047-4-451-00-0,1260579.00001942,719466.437468926,6/14/2005,N,,Recreation Facility,Other,,,Augusta,,,,-81.959094,33.465336,"81d57'32.74""W","33d27'55.21""N",
M,100,706791.0937,1262454.841,045-1-234-00-0,Merry Street Ceramic Shop,,1130 Merry Street,Augusta,30904,"Augusta, GA",35,35,1,,2000,,1400,"100,000","30,000",,,"rec/ceramic equip,kitchen appliances,office furnit",,Important Facility,,COM8,Recreation Facility,045-1-234-00-0,045-1-234-00-0,1262255.51860979,706674.318800388,6/14/2005,N,,Recreation Facility,Other,,,Augusta,,,,-82.001033,33.470006,"82d00'03.72""W","33d28'12.02""N",
M,100,700022.3438,1255018.924,071-1-218-00-0,Minnick Park,,1850 Kissingbower Road,Augusta,30906,"Augusta, GA",45,45,1,,1967,,2400,"65,000",7500,,,"rec equip,kitch appliances,office furniture/equip",,Important Facility,,COM8,Recreation Facility,071-1-218-00-0,071-1-218-00-0,1255099.68333715,699908.535462591,6/14/2005,N,,Recreation Facility,Other,,,Augusta,,,,-82.023253,33.450367,"82d01'23.71""W","33d27'01.32""N",
T,83,700163.6875,1267828.336,034-1-301-00-0,Sand Hills Coimmunity Center,,2540 Wheeler Road,Augusta,30904,"Augusta, GA",200,200,1,,2004,,7300,"600,000","60,000",,,"rec equip,kitch appl,office furniture",,Important Faiclity,,COM8,Recreation Facility,034-1-301-00-0,034-1-301-00-0,1266676.98057573,699779.774691397,6/14/2005,N,,Recreation Facility,Other,,,Augusta,,,,-82.023625,33.482186,"82d01'25.05""W","33d28'55.87""N",
M,100,669731.0312,1263915.462,039-0-010-00-0,Sue Reynolds Park,,1345 Community Park Road,Augusta,30909,"Augusta, GA",60,60,1,,1986,,"2,375","85,000","20,000",,,"office equip/furniture,kitch appl",,Important Facility,,COM8,Recreation Facility,039-0-010-00-0,039-0-010-00-0,1263942.79376637,670057.675196924,6/14/2005,N,,Recreation Facility,Other,,,Augusta,CONSERVATION/REC,,,-82.121111,33.474747,"82d07'16""W","33d28'29.09""N",
M,100,689142.0312,1275109.025,017-0-010-00-0,Warren Road Community Center,,300 Warren Road,Augusta,30907,"Augusta, GA",500,500,1,,1973,,"14,000","2,500,000","100,000",,,"officeequip,kitch appliances,rec equip",,Important Facility,,COM8,Recreation Facility,017-0-010-00-0,017-0-010-00-0,1275355.67187135,689383.804099131,6/14/2005,N,,Recreation Facility,Other,,,Augusta,CONSERVATION/REC,,,-82.057692,33.506072,"82d03'27.69""W","33d30'21.86""N",
T,100,701462.5,1234858.602,133-0-023-01-0,Georgia Regional Hospital - Augusta Campus,GPS,3405 Mike Padgett Highway,Augusta,30906,State of Georgia,,,,,0,,0,8082000,,,2004,,Augusta-Richmond County Tax Assessors Value,Essential Facility,,COM6,Hospital,133-0-023-01-0,133-0-023-01-0,1235610.45153954,703267.519184545,,N,YES,"Hospital, Admissions Entrance",Medical,,,Augusta,,-81.983888,33.470555,-82.012336,33.396789,"82d00'44.41""W","33d23'48.44""N",
T,100,701462.5,1234858.602,133-0-023-01-0,Georgia Regional Med-Surg Unit/Augusta,GPS,3405 Mike Padgett Highway,Augusta,30906,State of Georgia,,,,,0,,0,8082000,,,2004,,Augusta-Richmond County Tax Assessors Value,Essential Facility,,COM6,Hospital,133-0-023-01-0,133-0-023-01-0,1235136.4060895,703057.845247578,,N,YES,"Hospital, Admissions Entrance",Medical,,,Augusta,,-81.988888,33.47166,-82.013025,33.395489,"82d00'46.89""W","33d23'43.76""N",
M,100,722819.5625,1262232.185,048-1-024-00-0,AFD- Engine Co #1,GPS,1 Broad Street,Augusta,30901,"Augusta, GA",,,1,,2003,,52708,"1,438,000","750,000",2004,2004,,Market Value,Essential Facility,RM1,GOV2,Fire Station,048-1-024-00-0,048-1-024-00-0,1262167.32750732,722882.567470154,6/14/2005,N,,Fire Station,Fire Station,,,Augusta,,,,-81.947883,33.469681,"81d56'52.38""W","33d28'10.85""N",
M,100,719759.75,1260694.615,047-4-451-00-0,AFD- (Old Engine Co #1) Child Advocacy Group,GPS,302 Watkins Street,Augusta,30901,"Augusta, GA",0,0,1,,1952,,"2,100",1281238,0,0,2004,,Augusta-Richmond County Tax Assessors Value,Important Facility,RM2,REL1,Child Advocacy Group,047-4-451-00-0,047-4-451-00-0,1260871.21279228,720121.097076966,,N,YES,Child Advocacy Group,Public Building,,,Augusta,,-84.323763,33.688688,-81.956947,33.466136,"81d57'25.01""W","33d27'58.09""N",
M,100,711906.0625,1263875.534,046-1-060-00-0,AFD- Engine Co #2,GPS,1445 Walton Way,Augusta,30901,"Augusta, GA",4,4,1,,1957 / 1973,,"5,000","65,000","300,000",,,,Assessed Value,Essential Facility,55/ URM,GOV2,Fire Station,046-1-060-00-0,046-1-060-00-0,1263832.99579386,711916.872771263,6/14/2005,N,,Fire Station,Fire Station,,,Augusta,,,,-81.983833,33.474317,"81d59'01.8""W","33d28'27.54""N",
M,100,716156.9063,1265497.956,036-4-034-00-0,AFD- Engine Co #3,GPS,1099 Reynolds Street,Augusta,30901,"Augusta, GA",22,8,2,,1969,,21780,"394,000",,,,,Assessed Value,Essential Facility,RM2,GOV2,Fire Station,036-4-034-00-0,036-4-034-00-0,1265470.74354177,716145.182998258,6/14/2005,N,,Fire Station,Fire Station,,,Augusta,,-84.323469,33.677758,-81.969956,33.478797,"81d58'11.84""W","33d28'43.67""N",
M,100,708091.9375,1267373.693,035-2-219-00-0,AFD- Engine Co #4,GPS,1866 Ellis Street,Augusta,30904,"Augusta, GA",4,4,2,,1974,,10890,"168,000","600,000",,,,Assessed Value,Essential Facility,RM1,GOV2,Fire Station,035-2-219-00-0,035-2-219-00-0,1267395.66206838,708083.081754118,6/14/2005,N,,Fire Station,Fire Station,,,Augusta,,-84.322932,33.655818,-81.996386,33.484128,"81d59'46.99""W","33d29'02.86""N",
T,100,628194.3437,1198691.294,081-0-014-00-0,Fort Gordon Fire Department,,49300 Avenue of the States,Augusta,30905,Fort Gordon,,,,,0,,0,186043000,,,2004,,Augusta-Richmond County Tax Assessors Value,Essential Facility,,GOV2,Fire Station,081-0-014-00-0,081-0-014-00-0,1198691.29394389,628194.343737779,,N,YES,Fire Station,Fire Station,,,Augusta,FORRESTED,,,-82.258214,33.295383,"82d15'29.57""W","33d17'43.38""N",
T,100,703275.125,1232892.924,133-0-023-04-0,Georgia Regional Youth Development Center,,3481 Mike Padgett Highway,Augusta,30906,State of Georgia,,,,,0,,0,0,,,2004,,Augusta-Richmond County Tax Assessors Value,Important Facility,,GOV2,State Prison,133-0-023-04-0,133-0-023-04-0,1232892.92362307,703275.12499335,,N,YES,State Prison,Correctional,,,Augusta,,,,-82.012325,33.389322,"82d00'44.37""W","33d23'21.56""N",
T,100,703275.125,1232892.924,133-0-023-04-0,Georgia Regional Youth Detention Center,,3485 Mike Padgett Highway,Augusta,30906,State of Georgia,,,,,0,,0,0,,,2004,,Augusta-Richmond County Tax Assessors Value,Important Facility,,GOV2,State Prison,133-0-023-04-0,133-0-023-04-0,1232892.92362307,703275.12499335,,N,YES,State Prison,Correctional,,,Augusta,,,,-82.012325,33.389322,"82d00'44.37""W","33d23'21.56""N",
M,100,717536.9688,1259016.828,060-1-083-00-0,Records Retention Facility,,1157 5th Street,Augusta,,"Augusta, GA",,,1,,0,,"9,000","550,000","250,000",1997,1997,,,Essential Facility,,GOV2,Essential Facility,060-1-083-00-0,060-1-083-00-0,1259016.82777148,717536.96875632,6/13/2005,N,,Emergency Services,Emergency Services,,,Augusta,,,,-81.965433,33.461053,"81d57'55.56""W","33d27'39.79""N",
M,100,710352.5,1262454.524,045-2-377-00-0,Medical College of Georgia (Sydenstricker Bldg),,1120 15th Street,Augusta,30912,,,,8,,1976,,"336,547","38,053,369","40,989,247",1997,1997,,,Essential Facility,,COM6,Hospital,045-2-377-00-0,045-2-377-00-0,1262454.52426992,710352.499994339,,N,YES,Hospital,Medical,,,Augusta,,,,-81.988972,33.470536,"81d59'20.3""W","33d28'13.93""N",
M,100,710352.5,1262454.524,045-2-377-00-0,Medical College of Georgia (East Wing),,1120 15th Street,Augusta,30912,,,,9,,1959,,"55,260","7,609,854","4,571,107",1997,1997,,,Essential Facility,,COM6,Hospital,045-2-377-00-0,045-2-377-00-0,1262454.52426992,710352.499994339,,N,YES,Hospital,Medical,,,Augusta,,,,-81.988972,33.470536,"81d59'20.3""W","33d28'13.93""N",
M,100,645546.0312,1197729.861,267-0-035-00-0,City of Blythe Treatment Plant #2 (Old Well),,140 Gin House Street,Blythe,30805,,,,1,,1965,,144,"35,000","25,000",1997,1997,,,Water System,,GOV2,Water System,267-0-035-00-0,267-0-035-00-0,1197729.86093985,645546.031244905,6/13/2005,N,,Water System,Water System,,,Blythe,,,,-82.201425,33.292769,"82d12'05.13""W","33d17'33.97""N",
M,100,644781.5938,1199929.643,267-0-072-00-0,City of Blythe Water Tower,,3494 Hwy 88,Blythe,30805,,,,,,1965,,0,"350,000 (water tank)",,,1997,"100,000 gallon water tank",,Water System,,GOV2,Water System,267-0-072-00-0,267-0-072-00-0,1199929.6432364,644781.593780922,6/13/2005,N,,Water System,Water System,,,Blythe,,,,-82.203931,33.298814,"82d12'14.15""W","33d17'55.73""N",
M,100,714484.9687,1259597.259,059-2-241-00-0,Silas X Floyd (Headstart Program),GPS,921 Florence Street,Augusta,30901,RCBOE,252,0,2,,1926,,"35,810",507000,,,2004,,Augusta-Richmond County Tax Assessors Value,Essential Facility,RM1,EDU1,Elementary School,059-2-241-00-0,059-2-241-00-0,1259597.25920064,714484.968746279,6/13/2005,N,,Elementary School,Educational,,,Augusta,,,,-81.975436,33.462664,"81d58'31.57""W","33d27'45.59""N",
M,100,692733.375,1241873.252,109-0-011-00-0,RCBOE Transportation,GPS,2500 Lumpkin Road,Augusta,30906,RCBOE,298,0,1,,1984,,"17,846",0,,,2004,,Augusta-Richmond County Tax Assessors Value,Essential Facility,RM1,EDU1,Maintenance Facility,109-0-011-00-0,109-0-011-00-0,1241873.25209396,692733.375013651,6/14/2005,N,,Maintenance Facility,Public Building,,,Augusta,UNDEVELOPED,,,-82.046828,33.414042,"82d02'48.58""W","33d24'50.55""N",
M,100,715116.0625,1263647.373,046-2-061-00-0,Davidson High (old location),GPS,1102 Telfair Street,Augusta,30901,RCBOE,0,0,2,,1930,,"35,747",494000,,,2004,,Augusta-Richmond County Tax Assessors Value,Essential Facility,RM1,EDU1,Middle/High School,046-2-061-00-0,046-2-061-00-0,1263647.37302961,715116.062493799,6/14/2005,N,,Middle/High School,Educational,,,Augusta,,,,-81.973342,33.473792,"81d58'24.03""W","33d28'25.65""N",
M,100,706569,1256508.903,058-3-165-00-0,RCBOE Maintenance,GPS,1781 15th Street,Augusta,30901,RCBOE,117,0,1,,0,,0,378000,,,2004,,Augusta-Richmond County Tax Assessors Value,Essential Facility,RM1,EDU1,Other School,058-3-165-00-0,058-3-165-00-0,1256508.90289505,706569.000047094,6/14/2005,N,,Other School,Educational,,,Augusta,,,,-82.001408,33.454214,"82d00'05.07""W","33d27'15.17""N",
M,100,700772.0313,1266637.714,034-1-210-00-0,Sand Hills,GPS,2403 Mt. Auburn Avenue,Augusta,30904,RCBOE,87,0,1,0,1937,,"23,882",893883,,,2004,,Augusta-Richmond County Tax Assessors Value,Essential Facility,RM1,EDU1,Psychoeducational,034-1-210-00-0,034-1-210-00-0,1266637.713804,700772.031306224,6/14/2005,N,,Psychoeducational,Educational,,,Augusta,,,,-82.020369,33.482075,"82d01'13.33""W","33d28'55.47""N",
T,100,628194.3437,1198691.294,081-0-014-00-0,Freedom Park Elementary,GPS,135 Avenue of the States,Fort Gordon,30905,RCBOE,710,0,1,,2001,,"79,604",186043000,,,2004,,Augusta-Richmond County Tax Assessors Value,Essential Facility,RM1,EDU1,Elementary School,081-0-014-00-0,081-0-014-00-0,1198691.29394389,628194.343737779,,N,YES,Elementary School,Educational,,,Augusta,FORRESTED,,,-82.258214,33.295383,"82d15'29.57""W","33d17'43.38""N",
M,100,704704.9688,1256109.549,058-3-103-00-0,Ebenezer Seventh Day Adventist Junior Academy,Geocode,1699 Olive Road,Augusta,30904,,10,0,1,,1997,,"2,800","292,495","247,380",,,"2 pianos,2 freezers,2 fridge,9 computers, 2 print",,Important Facility,C3,EDU1,Private School,058-3-103-00-0,058-3-103-00-0,1256109.54942254,704704.968782852,6/14/2005,N,,Private School,Educational,,,Augusta,,-82.006437,33.429676,-82.007522,33.453125,"82d00'27.08""W","33d27'11.25""N",
M,100,699995.0938,1243991.501,110-1-015-00-0,Alleluia Community School,GPS,2819 Peach Orchard Road,Augusta,30906,,250,0,1,,1934-1952,,"26,434","2,643,400","1,000,000",2005,2005,"desks,computers,school materials, science sup, etc",Unknown,Important Facility,,EDU1,Private School,110-1-015-00-0,110-1-015-00-0,1243991.50075436,699995.093770314,6/14/2005,N,,Private School,Educational,,,Augusta,,-82.022101,33.419797,-82.023019,33.419836,"82d01'22.87""W","33d25'11.41""N",
M,100,692626.5625,1247387.148,097-1-038-00-0,Hillcrest Baptist School,GPS,3045 Deans Bridge Road,Augusta,30906,,275,0,2,,0,,176418,1577394,,,2004,,Augusta-Richmond County Tax Assessors Value,Important Facility,RM2,EDU1,Private School,097-1-038-00-0,097-1-038-00-0,1247387.1481083,692626.562535359,6/5/2005,N,,Private School,Educational,,,Augusta,,-82.04721,33.428749,-82.047158,33.429194,"82d02'49.77""W","33d25'45.1""N",
M,100,678069.7187,1205862.685,227-0-086-00-0,Hephzibah Fire Department,GPS,4418 Cemetery Road,Hephzibah,30815,City of Hephzibah,2,2,1,"254,700",1975,,"3,949","228,300","26,400",2000,2000,"Office Equipment, Fire Fighting Equipment",Replacement Value,Essential Facility / Important Facility,URM,GOV2,Fire Station,227-0-086-00-0,227-0-086-00-0,1205862.68477156,678069.718737317,4/28/2005,N,,Fire Station,Fire Station,,,Hephzibah,,-81.996442,33.074513,-82.094967,33.315106,"82d05'41.88""W","33d18'54.38""N",
M,100,676844.6875,1204224.779,227-0-194-01-0,City of Hephzibah Water System,GPS,4420 Murphy Street,Hephzibah,30815,City of Hephzibah,0,0,1,"148,100",1950,,576,"58,800","89,300",2000,2000,"Water Pumps, etc",Replacement Value,Essential Facility / Lifeline Syst / HazMat,C3,GOV1,Water System,227-0-194-01-0,227-0-194-01-0,1204224.77923433,676844.68752063,4/28/2005,N,,Water System,Water System,,,Hephzibah,,-82.145,33.582777,-82.098981,33.310606,"82d05'56.33""W","33d18'38.18""N",
M,100,710352.5,1262454.524,045-2-377-00-0,Georgia Health Science University (GHSU),GPS,1120 5th Street,Augusta,30901,State of Georgia,,,,,0,,845500,0,,,2004,,Augusta-Richmond County Tax Assessors Value,Important Facility,,EDU2,Pubic University,045-2-377-00-0,045-2-377-00-0,1262454.52426992,710352.499994339,,N,YES,Pubic University,Educational,,,Augusta,,-81.991164,33.471122,-81.988972,33.470536,"81d59'20.3""W","33d28'13.93""N",X
M,100,691990.0312,1243127.392,108-0-058-01-0,Augusta Technical College,GPS,3200 Augusta Tech Drive,Augusta,30906,,"2,500","1,100",,,1981,,0,9761000,"17,700,000",2004,2004,,Augusta-Richmond County Tax Assessors Value,Important Facility / Special Consideration,RM1,EDU2,Public Vocational Technical School,108-0-058-01-0,108-0-058-01-0,1243127.39198405,691990.031237691,,N,YES,Public Vocational Technical School,Educational,,,Augusta,,-82.054303,33.425056,-82.049261,33.417489,"82d02'57.34""W","33d25'02.96""N",
M,100,693881.2199,1269720.184,025-3-031-01-0,"Westminster Schools, Band/Weight Room Bldg",GPS,3067 Wheeler Road,Augusta,30909,,50,0,1,"1,000",1992,868,"1,740","114,561","13,415",,,"band equipment, weight lifting equipment",Market Value,Important Facility,W1,EDU1,"Private School,Band/Weight Room Bldg",025-3-031-01-0,025-3-031-01-0,1269720.18363867,693881.219868272,,N,YES,"Private School,Band/Weight Room Bldg",Educational,Y,N,Augusta,,-82.043254,33.488586,-82.042958,33.490572,"82d02'34.65""W","33d29'26.06""N",
M,100,693881.2199,1269720.184,025-3-031-01-0,"Westminster Schools, Media Center",GPS,3067 Wheeler Road,Augusta,30909,,150,0,1,"1,000",1988,868,"5,290","348,293","40,785",,,"desks, computers, books",Market Value,Important Facility,S3,EDU1,"Private School, Media Center",025-3-031-01-0,025-3-031-01-0,1269720.18363867,693881.219868272,,N,YES,"Private School, Media Center",Educational,Y,N,Augusta,,-82.043254,33.488586,-82.042958,33.490572,"82d02'34.65""W","33d29'26.06""N",
M,100,693881.2199,1269720.184,025-3-031-01-0,"Westminster Schools, Prep Bldg",GPS,3067 Wheeler Road,Augusta,30909,,125,0,1,"1,000",1975,868,"5,828","383,715","44,933",,,,Market Value,Important Facility,C2,EDU1,"Private School, Prep Bldg",025-3-031-01-0,025-3-031-01-0,1269720.18363867,693881.219868272,,N,YES,"Private School, Prep Bldg",Educational,Y,N,Augusta,,-82.043254,33.488586,-82.042958,33.490572,"82d02'34.65""W","33d29'26.06""N",
M,100,693881.2199,1269720.184,025-3-031-01-0,"Westminster Schools, Maintenance Shop",GPS,3067 Wheeler Road,Augusta,30909,,3,0,1,"1,000",1999,868,"2,400","158,016","18,504",,,"maint. Grouip, gas, deisel fuel, supplies",Market Value,Other Facility,S3,IND6,"Private School, Maint Bldg",025-3-031-01-0,025-3-031-01-0,1269720.18363867,693881.219868272,,N,YES,"Private School, Maint Bldg",Educational,Y,N,Augusta,,-82.043254,33.488586,-82.042958,33.490572,"82d02'34.65""W","33d29'26.06""N",
M,100,704016.6875,1252579.724,071-4-118-00-0,Augusta Chrstian Academy,GPS,1920 Tubman Home Road,Augusta,30906,,,,,,0,,52708,240000,,,2004,,Augusta-Richmond County Tax Assessors Value,Important Facility,W1,EDU1,Private School,071-4-118-00-0,071-4-118-00-0,1252579.72421306,704016.687545033,6/2/2005,N,,Private School,Educational,,,Augusta,,-82.010116,33.443586,-82.009797,33.443425,"82d00'35.27""W","33d26'36.33""N",
M,100,719124.1875,1260746.546,047-4-452-01-0,Richmond County Sheriff's Office,GPS,401 Walton Way,Augusta,30911,"Augusta, GA",750,450,6,,0,,160736,22576000,,,2004,office furniture and equipment,Augusta-Richmond County Tax Assessors Value,Essential Facility / Vulnerable Population,O,GOV1,Sheriff's Office,047-4-452-01-0,047-4-452-01-0,1260746.54581246,719124.187527979,6/14/2005,N,,Sheriff's Office,Law Enforcement,,,Augusta,,-81.95996,33.46528,-81.960217,33.465797,"81d57'36.78""W","33d27'56.87""N",
M,100,703317.125,1276656.812,013-4-274-00-0,Garrett Gymnasium,Geocode,110 Eisenhower Drive,Augusta,30909,"Augusta, GA",250,250,1,,"2,000",,"11,100",1.25 mil,"50,000",,,"recreation equip,kitchen appliances,office equip",,Important Facility,,COM8,Recreation Facility,013-4-274-00-0,013-4-274-00-0,1276656.8120263,703317.12503386,6/13/2005,N,,Recreation Facility,Other,,,Augusta,,,,-82.011972,33.5096,"82d00'43.1""W","33d30'34.56""N",
M,100,708823.5,1258979.751,058-2-089-00-0,WT Johnson Community Center,,1610 Hunter Street,Augusta,30901,"Augusta, GA",500,500,1,,1958/ 1997,,"27,000",1.4 mil,"100,000",,,"rec equip,office equip/furniture,kitchen appliance",,Important Facility,,COM8,Recreation Facility,058-2-089-00-0,058-2-089-00-0,1258979.75063226,708823.500036317,4/27/2005,Y,,Recreation Facility,Other,,,Augusta,,,,-81.994006,33.460994,"81d59'38.42""W","33d27'39.58""N",
M,100,719388.5625,1261902.49,047-4-163-00-0,Old Government House,,432 Telfair Street,Augusta,30904,"Augusta, GA",100,100,3,,1801,,"7,000","350,000","160,000",,,"office furniture/supplies,kitch app,antique furnis",,Important Facility,,COM8,Recreation Facility,047-4-163-00-0,047-4-163-00-0,1261902.48961119,719388.562533512,6/14/2005,N,,Recreation Facility,Other,,,Augusta,,,,-81.959342,33.468975,"81d57'33.63""W","33d28'08.31""N",
T,100,699651.7839,1220395.382,182-0-001-00-0,Gracewood State School & Hospital,GPS,100 Myrtle Boulevard,Augusta,30812,State of Georgia,450,300,1,,1968,,0,1500000,,,2004,20 bldg hospital,Augusta-Richmond County Tax Assessors Value,Essential Facility,C1,COM6,Hospital,182-0-001-00-0,182-0-001-00-0,1220395.38219244,699651.783937709,,N,YES,"Hospital, Admissions Entrance",Medical,Y,N,Augusta,,-82.431944,33.831666,-82.024253,33.354986,"82d01'27.31""W","33d21'17.95""N",
M,100,696000.125,1259893.208,056-2-001-00-0,AFD- Engine Co #8,GPS,1898 Highland Avenue,Augusta,30904,"Augusta, GA",9,9,1,,2004,,174240,"1,295,000","1,200,000",,2004,"pump, aerial truck, chief car, bldg",Replacement Value,Essential Facility,RM2,GOV2,Fire Station,056-2-001-00-0,056-2-001-00-0,1259893.2082767,696000.124971383,6/14/2005,N,,Fire Station,Fire Station,,,Augusta,,,,-82.036047,33.463556,"82d02'09.77""W","33d27'48.8""N",
T,100,696549.2188,1262560.096,043-2-153-00-0,AFD- Engine Co #8 (Abandoned),GPS,2830 Central Avenue,Augusta,30904,"Augusta, GA",,,1,,1949 / 1972,,"2,100","86,841",,,,,,Essential Facility,URM,GOV2,Police Sub-station,043-2-153-00-0,043-2-153-00-0,1262560.09594714,696549.218769533,6/14/2005,N,YES,Police Sub-station,Law Enforcement,,,Augusta,,-84.322017,33.623855,-82.034236,33.470883,"82d02'03.25""W","33d28'15.18""N",
M,83,676339.4375,1206676.034,227-0-004-05-0,Hephzibah WPCP,GPS,2205 Hephzibah McBean Road,Hephzibah,30815,City of Hephzibah,,,1,,1980,,90,"6,200","6,200",2000,2000,"Pumps, etc",Replacement,Essential Facililty/ Lifeline Syst / HazMat,C3,GOV1,Wastewater Treatment Plant,227-0-004-05-0,227-0-004-05-0,1198239.31455249,678218.42815871,4/28/2005,N,YES,Wastewater Treatment Plant,WWTP,,,Hephzibah,,-82.259166,33.64,-82.094497,33.294153,"82d05'40.19""W","33d17'38.95""N",
M,100,690529.5,1254881.552,069-0-009-00-0,Bayvale Elementary School,GPS,3309 Milledgeville Road,Augusta,30904,RCBOE,375,0,1,0,1954/ 1964,0,"42,297",600000,,,2004,,Augusta-Richmond County Tax Assessors Value,Essential Facility,RM1,EDU1,Elementary School,069-0-009-00-0,069-0-009-00-0,1254577.00000791,690804.625049244,6/13/2005,N,,Elementary School,Educational,,,Augusta,,-82.05311,33.44896,-82.053103,33.448961,"82d03'11.17""W","33d26'56.26""N",
M,100,679771.1563,1251929.902,082-0-006-00-0,Barton Chapel Elementary School,Geocode,2329 Barton Chapel Road,Augusta,30909,RCBOE,658,0,1,0,1968/ 1974/ 1999,0,"62,726",2169739,0,,2004,,Augusta-Richmond County Tax Assessors Value,Essential Facility,RM1,EDU1,Elementary School,082-0-006-00-0,082-0-006-00-0,1251760.87506572,680308.000023263,6/13/2005,N,,Elementary School,Educational,,,Augusta,,-82.08621,33.44187,-82.087525,33.44125,"82d05'15.09""W","33d26'28.5""N",
M,100,643588.6875,1199836.675,266-0-006-00-0,Blythe Elementary School,GPS,290 Church Street,Blythe,30805,RCBOE,419,0,1,,1977/ 1999/ 2004,0,"45,765",1238000,,,2004,,Augusta-Richmond County Tax Assessors Value,Essential Facility,RM1,EDU1,Elementary School,266-0-006-00-0,266-0-006-00-0,1199987.37499161,643715.937538342,6/13/2005,N,,Elementary School,Educational,,,Blythe,,-82.20742,33.29897,-82.207417,33.298972,"82d12'26.7""W","33d17'56.3""N",
M,100,700407.0938,1249161.141,086-3-055-00-0,Bungalow Road Elementary School,Geocode,2216 Bungalow Road,Augusta,30906,RCBOE,347,0,1,,1964/ 1998,,"43,272",1130000,,,2004,,Augusta-Richmond County Tax Assessors Value,Essential Facility,RM1,EDU1,Elementary School (Alternative Center),086-3-055-00-0,086-3-055-00-0,1248903.00000343,700353.624999415,6/13/2005,N,,Elementary School (Alternative Center),Educational,,,Augusta,,-82.02608,33.43441,-82.021822,33.433336,"82d01'18.56""W","33d26'00.01""N",
M,100,709567.2813,1257702.857,058-4-188-00-0,Collins Elementary School,Geocode,1321 Steed Street,Augusta,30901,RCBOE,538,0,1,,1988,,"59,022",4941000,,,2004,,Augusta-Richmond County Tax Assessors Value,Essential Facility,RM1,EDU1,Elementary School,058-4-188-00-0,058-4-188-00-0,1257703.24991993,709536.999976116,6/13/2005,N,,Elementary School,Educational,,,Augusta,,-81.99224,33.45629,-81.991672,33.457483,"81d59'30.02""W","33d27'26.94""N",
M,100,686538.0625,1263154.01,042-1-024-00-0,Copeland Elementary School,Geocode,1440 Jackson Road,Augusta,30909,RCBOE,507,0,1,,1959/ 1964/ 1983/ 2000/ 2004,,"50,174",1518000,,,2004,,Augusta-Richmond County Tax Assessors Value,Essential Facility,RM1,EDU1,Elementary School,042-1-024-00-0,042-1-024-00-0,1263180.9349949,686390.659717821,6/13/2005,N,,Elementary School,Educational,,,Augusta,,-82.06753,33.47041,-82.067547,33.472622,"82d04'03.17""W","33d28'21.44""N",
M,100,718544.625,1259592.801,060-1-036-00-0,Craig Elementary School,Geocode,400 Hale Street,Augusta,30901,RCBOE,540,0,2,,2001,,"77,536",7777468,,,2004,,Augusta-Richmond County Tax Assessors Value,Essential Facility,RM1,EDU1,Elementary School,060-1-036-00-0,060-1-036-00-0,1259564.4353185,718733.257379227,6/13/2005,N,,Elementary School,Educational,,,Augusta,,-81.96062,33.46294,-81.961506,33.462553,"81d57'41.42""W","33d27'45.19""N",
M,100,703317.125,1276656.812,013-4-274-00-0,Garrett Elementary School,Geocode,1100 Eisenhower Drive,Augusta,30904,RCBOE,291,0,1,,1954/ 2000,,"45,342",1836000,,,2004,,Augusta-Richmond County Tax Assessors Value,Essential Facility,RM1,EDU1,Elementary School,013-4-274-00-0,013-4-274-00-0,1276693.2846906,703302.087340742,6/13/2005,N,,Elementary School,Educational,,,Augusta,,-82.01353,33.50853,-82.012022,33.5097,"82d00'43.28""W","33d30'34.92""N",
M,100,686838.8438,1246172.358,096-0-002-00-0,Glenn Hills Elementary School,Geocode,2838 Glenn Hills Drive,Augusta,30906,RCBOE,523,0,1,,1968/ 1974/ 1977/ 2000/ 2004,,"65,123",2552999,,,2004,,Augusta-Richmond County Tax Assessors Value,Essential Facility,RM1,EDU1,Elementary School,096-0-002-00-0,096-0-002-00-0,1246168.37523963,686967.248952406,6/13/2005,N,,Elementary School,Educational,,,Augusta,,-82.06519,33.42941,-82.065711,33.425861,"82d03'56.56""W","33d25'33.1""N",
M,100,705423.375,1214420.777,198-0-010-06-0,Goshen Elementary School,Geocode,4040 Old Waynesboro Road,Augusta,30906,RCBOE,601,0,1,,1993,,"68,792",3411000,,,2004,,Augusta-Richmond County Tax Assessors Value,Essential Facility,RM1,EDU1,Elementary School,198-0-010-06-0,198-0-010-06-0,1214488.4999485,705406.562508565,6/13/2005,N,,Elementary School,Educational,,,Augusta,,-82.00661,33.33897,-82.005433,33.338731,"82d00'19.56""W","33d20'19.43""N",
M,100,699318.9063,1225945.893,156-0-055-00-0,Gracewood Elementary School,Geocode,2032 Tobacco Road,Augusta,30906,RCBOE,474,0,1,,1930/ 1959/ 1978/ 1970/ 2000,,"47,408",1338018,,,2004,,Augusta-Richmond County Tax Assessors Value,Important Facility,RM1,EDU1,Elementary School,156-0-055-00-0,156-0-055-00-0,1226047.87500167,699105.499893207,6/13/2005,N,,Elementary School,Educational,,,Augusta,,-82.02333,33.37069,-82.026017,33.370525,"82d01'33.66""W","33d22'13.89""N",
M,100,702787.9375,1241118.853,110-4-082-00-0,Hains Elementary School,Geocode,1820 Windsor Spring Road,Augusta,30906,RCBOE,458,0,1,,1960/ 1999,,"38,042",963000,,,2004,,Augusta-Richmond County Tax Assessors Value,Essential Facility,RM1,EDU1,Elementary School,110-4-082-00-0,110-4-082-00-0,1241123.25734767,702778.929036993,6/13/2005,N,,Elementary School,Educational,Y,N,Augusta,,-82.01362,33.41045,-82.013911,33.411944,"82d00'50.08""W","33d24'43""N",
M,100,723459.0313,1256912.635,061-0-007-00-0,Hornsby Elementary School (Former),Geocode,105 Laney-Walker Blvd,Augusta,30901,RCBOE,343,0,1,,1960/ 1964/ 1999,,"40,916",659000,,,2004,,Augusta-Richmond County Tax Assessors Value,Essential Facility,RM1,EDU1,Elementary School,061-0-007-00-0,061-0-007-00-0,1256920.38714681,723484.950894222,6/13/2005,N,,Elementary School,Educational,,,Augusta,,-81.9556,33.45759,-81.945944,33.455258,"81d56'45.4""W","33d27'18.93""N",
M,100,720461.375,1262383.869,047-2-264-00-0,Houghton Elementary School (Former),Geocode,333 Greene Street,Augusta,30901,RCBOE,,,,,0,,85813,523100,,,2004,,Augusta-Richmond County Tax Assessors Value,Important Facility,,EDU1,Elementary School,047-2-264-00-0,047-2-264-00-0,1262338.00016935,720434.624889946,6/13/2005,N,,Elementary School,Educational,,,Augusta,,-81.95551,33.46959,-81.955908,33.470164,"81d57'21.27""W","33d28'12.59""N",
M,100,677688.4375,1233614.879,129-0-015-00-0,Jamestown Elementary School,Geocede,3637 Hiers Blvd,Hephzibah,30815,RCBOE,884,0,1,,1988,,"59,022",6913000,,,2004,,Augusta-Richmond County Tax Assessors Value,Essential Facility,RM1,EDU1,Elementary School,129-0-015-00-0,129-0-015-00-0,1233616.37497744,677707.562474784,6/13/2005,N,,Elementary School,Educational,,,Augusta,,-82.09814,33.38657,-82.096089,33.391386,"82d05'45.92""W","33d23'28.99""N",
M,100,709770.6563,1248799.573,087-4-128-00-0,Jenkins Elementary School (Former),Geocode,101 Dan Bowles Road,Augusta,30901,RCBOE,170,0,1,,1964,,"41,000",573000,,,2004,,Augusta-Richmond County Tax Assessors Value,Essential Facility,RM1,EDU1,Elementary School,087-4-128-00-0,087-4-128-00-0,1248438.12505398,709651.187551327,6/13/2005,N,,Elementary School,Educational,,,Augusta,,-81.991,33.43119,-81.991347,33.432017,"81d59'28.85""W","33d25'55.26""N",
M,100,691050,1264514.694,032-4-109-00-0,Lake Forest Hills Elementary School,Geocode,3140 Lake Forest Drive,Augusta,30909,RCBOE,566,0,1,,1969/ 1999,,"72,971",4672637,,,2004,,Augusta-Richmond County Tax Assessors Value,Essential Facility,RM1,EDU1,Elementary School,032-4-109-00-0,032-4-109-00-0,1264749.62508061,690529.874993791,6/13/2005,N,,Elementary School,Educational,,,Augusta,,-82.05064,33.47652,-82.053969,33.476922,"82d03'14.29""W","33d28'36.92""N",
M,100,705949.125,1262965.066,045-1-164-00-0,Lamar Elementary School,GPS,970 Baker Avenue,Augusta,30904,RCBOE,401,0,2,,1933/ 1959/ 1987/ 2000,,"57,833",2136510,,,2004,,Augusta-Richmond County Tax Assessors Value,Essential Facility,RM1,EDU1,Elementary School,045-1-164-00-0,045-1-164-00-0,1262986.74997684,705906.937542155,6/13/2005,N,,Elementary School,Educational,,,Augusta,,-82.00356,33.47201,-82.003547,33.472019,"82d00'12.77""W","33d28'19.27""N",
M,100,712694.2813,1187085.043,337-0-053-00-0,McBean Elementary School,Geocode,1165 Hephzibah McBean Road,Hephzibah,30815,RCBOE,583,0,1,,1997,,"68,867",4640000,,,2004,,Augusta-Richmond County Tax Assessors Value,Essential Facility,RM1,EDU1,Elementary School,337-0-053-00-0,337-0-053-00-0,1187077.57859323,712647.143362665,6/13/2005,N,,Elementary School,Educational,,,Augusta,,-81.96918,33.25547,-81.981883,33.263358,"81d58'54.78""W","33d15'48.09""N",
M,100,684989.0625,1238177.277,119-0-005-04-0,Meadowbrook Elementary School,Geocode,3630 Goldfinch Drive,Augusta,30907,RCBOE,754,0,1,,1978/ 1998,,"60,954",3984000,,,2004,,Augusta-Richmond County Tax Assessors Value,Essential Facility,RM1,EDU1,Elementary School,119-0-005-04-0,119-0-005-04-0,1238109.94512939,685067.308078211,6/13/2005,N,,Elementary School,Educational,Y,N,Augusta,,-82.07046,33.40466,-82.071964,33.403719,"82d04'19.07""W","33d24'13.39""N",
M,100,694898.5625,1271775.034,025-1-148-00-0,Merry Elementary School,Geocode,415 Boy Scout Road,Augusta,30909,RCBOE,441,0,1,,1964/ 1971/ 2000,,"60,193",2318449,,,2004,,Augusta-Richmond County Tax Assessors Value,Essential Facility,RM1,EDU1,Elementary School,025-1-148-00-0,025-1-148-00-0,1271734.03534557,694858.113641986,6/13/2005,N,,Elementary School,Educational,,,Augusta,,-82.03919,33.49771,-82.039744,33.496103,"82d02'23.08""W","33d29'45.97""N",
M,100,707982.2188,1266458.851,035-2-501-00-0,Milledge Elementary School,Geocode,510 Eve Street,Augusta,30904,RCBOE,350,0,1,,1950/ 1956/ 1970,,"43,941",1048000,,,2004,,Augusta-Richmond County Tax Assessors Value,Essential Facility,RM1,EDU1,Elementary School,035-2-501-00-0,035-2-501-00-0,1266507.80198795,707885.040431947,6/13/2005,N,,Elementary School,Educational,,,Augusta,,-81.99734,33.4826,-81.997042,33.481689,"81d59'49.35""W","33d28'54.08""N",
M,100,702119.5,1261530.724,044-4-119-00-0,Monte Sano Elementary School,Geocode,2164 Richmond Avenue,Augusta,30904,RCBOE,585,0,3,,1930/ 1935/ 2004,,"80,804",586000,,,2004,,Augusta-Richmond County Tax Assessors Value,Essential Facility,RM1,EDU1,Elementary School,044-4-119-00-0,044-4-119-00-0,1261658.37422446,702221.812989148,6/13/2005,N,,Elementary School,Educational,,,Augusta,,-82.01447,33.46852,-82.015639,33.468383,"82d00'56.3""W","33d28'06.18""N",
M,100,702055.75,1279264.428,013-2-075-00-0,National Hills Elementary School,Geocode,1215 Northwood Drive,Augusta,30909,RCBOE,247,0,1,,1965/ 2000,,"29,595",1032000,,,2004,,Augusta-Richmond County Tax Assessors Value,Essential Facility,RM1,EDU1,Elementary School,013-2-075-00-0,013-2-075-00-0,1279372.496413,702090.123790526,6/13/2005,N,,Elementary School,Educational,,,Augusta,,-82.0166,33.51456,-82.015986,33.517069,"82d00'57.55""W","33d31'01.45""N",
M,100,676415.4063,1262306.769,040-0-020-00-0,Old Sue Reynolds Elementary School,Geocode,3713 Wrightsboro Raod,Augusta,30909,RCBOE,0,0,1,,1934/ 1955/ 1964/ 1972,,"38,599",754000,,,2004,,Augusta-Richmond County Tax Assessors Value,Essential Facility,RM1,EDU1,Elementary School,040-0-020-00-0,040-0-020-00-0,1262436.54487803,676479.645857773,6/13/2005,N,,Elementary School,Educational,,,Augusta,,-82.12856,33.47336,-82.100053,33.470597,"82d06'00.19""W","33d28'14.15""N",
M,100,696739.0313,1236978.348,121-4-194-00-0,Rollins Elementary School,Geocode,2160 Mura Drive,Augusta,30906,RCBOE,482,0,1,,1954/ 1999,,"54,093",2672000,,,2004,,Augusta-Richmond County Tax Assessors Value,Essential Facility,RM1,EDU1,Elementary School,121-4-194-00-0,121-4-194-00-0,1237027.34424087,696621.091354222,6/13/2005,N,,Elementary School,Educational,,,Augusta,,-82.0328,33.40497,-82.034108,33.400708,"82d02'02.79""W","33d24'02.55""N",
M,100,703327.8437,1237635.868,122-4-036-00-0,Southside Elementary School,Geocode,3310 Old Louisville Road,Augusta,30906,RCBOE,435,0,1,,1968/ 1970/ 1999,,"48,590",939000,,,2004,,Augusta-Richmond County Tax Assessors Value,Essential Facility,RM1,EDU1,Elementary School,122-4-036-00-0,122-4-036-00-0,1237687.24994242,703184.687540831,6/13/2005,N,,Elementary School,Educational,,,Augusta,,-82.01394,33.40227,-82.012597,33.402497,"82d00'45.35""W","33d24'08.99""N",
M,100,689111.5625,1249460.023,084-4-001-00-0,Terrace Manor Elementary School,Geocode,3110 Tate Road,Augusta,30906,RCBOE,409,0,1,,1964/ 1967/ 1974/ 2000/ 2004,,"55,526",1174000,,,2004,,Augusta-Richmond County Tax Assessors Value,Essential Facility,RM1,EDU1,Elementary School,084-4-001-00-0,084-4-001-00-0,1249369.8179479,689110.126228794,6/13/2005,N,,Elementary School,Educational,,,Augusta,,-82.06033,33.43908,-82.058678,33.434656,"82d03'31.24""W","33d26'04.76""N",
M,100,689921.25,1227838.608,154-0-304-01-0,Tobacco Road Elementary School,Geocode,2397 Tobacco Road,Augusta,30906,RCBOE,818,0,1,,1993,,"66,669",3503000,,,2004,,Augusta-Richmond County Tax Assessors Value,Essential Facility,RM1,EDU1,Elementary School,154-0-304-01-0,154-0-304-01-0,1227813.12497801,689794.750023155,6/13/2005,N,,Elementary School,Educational,,,Augusta,,-82.0718,33.37673,-82.056508,33.375406,"82d03'23.43""W","33d22'31.46""N",
M,100,711662.125,1259958.707,059-1-105-00-0,Walker Traditional Elementary School,Geocode,1301 Wrightsboro Road,Augusta,30901,RCBOE,719,0,2,,1929/ 1948/ 1970/ 2000,,"73,803",1624492,,,2004,,Augusta-Richmond County Tax Assessors Value,Essential Facility,RM1,EDU1,Elementary School,059-1-105-00-0,059-1-105-00-0,1259740.12503852,711539.749922091,6/13/2005,N,,Elementary School,Educational,,,Augusta,,-81.98434,33.46225,-81.985094,33.463072,"81d59'06.34""W","33d27'47.06""N",
M,100,688656.2188,1275287.294,017-1-107-00-0,Warren Road Elementary School,Geocode,311 Warren Road,Augusta,30904,RCBOE,512,0,1,,1970/ 1975/ 2000/ 2004,,"69,594",1508259,,,2004,,Augusta-Richmond County Tax Assessors Value,Essential Facility,RM1,EDU1,Elementary School,017-1-107-00-0,017-1-107-00-0,1275316.99756048,688598.423541985,6/13/2005,N,,Elementary School,Educational,,,Augusta,,-82.05798,33.50653,-82.060267,33.505969,"82d03'36.96""W","33d30'21.49""N",
M,100,704235.6875,1253074.097,072-3-062-00-0,Wilkinson Gardens Elementary School,Geocode,1918 Tubman Home Road,Augusta,30906,RCBOE,573,0,1,,1954/ 2003,,"76,484",540000,,,2004,,Augusta-Richmond County Tax Assessors Value,Essential Facility,RM1,EDU1,Elementary School,072-3-062-00-0,072-3-062-00-0,1253110.2862519,704188.585082508,6/13/2005,N,,Elementary School,Educational,,,Augusta,,-82.00986,33.44461,-82.009231,33.444883,"82d00'33.23""W","33d26'41.58""N",
T,100,683455.9063,1216778.479,179-0-003-08-0,Willis Foreman Elementary School,GPS,2413 Willis Foreman Road,Hephzibah,30815,RCBOE,894,0,1,,1988,,"59,022",11069120,,,2004,,Augusta-Richmond County Tax Assessors Value,Essential Facility,RM1,EDU1,Elementary School,179-0-003-08-0,179-0-003-08-0,1215963.9197778,682671.382052524,6/13/2005,N,,Elementary School,Educational,,,Augusta,,-82.08015,33.34275,-82.079875,33.342858,"82d04'47.55""W","33d20'34.29""N",
T,100,683455.9063,1216778.479,179-0-003-08-0,Spirit Creek Middle School,Geocode,4044 Windsor Spring Road,Hephzibah,30815,RCBOE,1008,0,1,,1988,,"99,141",11069120,,,2004,,Augusta-Richmond County Tax Assessors Value,Essential Facililty,RM1,EDU1,Middle School,179-0-003-08-0,179-0-003-08-0,1216914.58022016,683515.89973065,6/13/2005,N,,Midlle School,Educational,,,Augusta,,-82.09216,33.33716,-82.077106,33.345469,"82d04'37.58""W","33d20'43.69""N",
M,100,689093.0938,1234186.491,131-0-024-00-0,Windsor Spring Road Elementary School,Geocode,2534 Windsor Spring Road,Augusta,30906,RCBOE,765,0,1,,1965/ 1975/ 1991/ 2004,,"66,799",830743,,,2004,,Augusta-Richmond County Tax Assessors Value,Essential Facility,RM1,EDU1,Elementary School,131-0-024-00-0,131-0-024-00-0,1234252.13493046,689160.933763629,6/13/2005,N,,Elementary School,Educational,,,Augusta,,-82.0557,33.39728,-82.058561,33.393106,"82d03'30.82""W","33d23'35.18""N",
M,100,705625.25,1263573.432,045-1-053-00-0,Academy of Richmond County High School,GPS,910 Russell Street,Augusta,30904,RCBOE,1343,0,3,,"1925,1937,1951,1954,1959,1983,1955,1998",,"243,108",15808601,,,2004,,Augusta-Richmond County Tax Assessors Value,Essential Facility,RM1,EDU1,"High School, Public",045-1-053-00-0,045-1-053-00-0,1264074.06603516,705378.271978764,6/13/2005,N,,"High School, Public",Educational,,,Augusta,,-82.006094,33.473919,-82.005275,33.475011,"82d00'18.99""W","33d28'30.04""N",
M,100,702034.375,1243946.493,110-2-002-00-0,George P. Butler Comprehensive High School,GPS,2011 Lumpkin Road,Augusta,30906,RCBOE,1244,0,2,,1960/1961/1966/1967/1983,,"179,820",1474000,,,2004,,Augusta-Richmond County Tax Assessors Value,Essential Facility,RM1,EDU1,"High School, Public",110-2-002-00-0,110-2-002-00-0,1243722.14494255,701923.278724596,6/13/2005,N,,"High School, Public",Educational,,,Augusta,,-82.017099,33.418238,-82.016703,33.419089,"82d01'00.13""W","33d25'08.72""N",
M,100,686271.375,1246928.815,096-0-001-00-0,Glenn Hills High,GPS,2840 Glenn Hills Drive,Augusta,30906,RCBOE,1308,0,2,,1968/ 1971/1972/1975/1999,,"157,347",10407572,,,2004,,Augusta-Richmond County Tax Assessors Value,Essential Facility,RM1,EDU1,"High School, Public",096-0-001-00-0,096-0-001-00-0,1246797.77800803,686322.716918594,6/13/2005,N,,"High School, Public",Educational,,,Augusta,,-82.066491,33.428654,-82.067822,33.427594,"82d04'04.16""W","33d25'39.34""N",
M,100,683971.9688,1248455.202,095-0-032-01-0,Glenn Hills Middle School,Geocode,2941 Glenn Hills Drive,Augusta,30906,RCBOE,1287,0,1,,1996,,"138,219",1278956,,,2004,,Augusta-Richmond County Tax Assessors Value,Essential Facility,RM1,EDU1,Middle School,095-0-032-01-0,095-0-032-01-0,1248448.25311715,684415.836247652,6/13/2005,N,,Middle School,Educational,,,Augusta,,-82.0734,33.42953,-82.074067,33.432136,"82d04'26.64""W","33d25'55.69""N",
M,100,677790.6876,1201233.212,249-0-043-01-0,Hephzibah Comprehensive High,GPS,P.O. Box 310,Hephzibah,30815,RCBOE,1288,0,1,,1969/ 1981/ 1988/ 1989/ 1999,,"145,429",5940000,,,2004,,Augusta-Richmond County Tax Assessors Value,Essential Facility,RM1,EDU1,"High School, Public",249-0-043-01-0,249-0-043-01-0,1201176.14728253,677540.941624765,4/28/2005,N,,"High School, Public",Educational,Y,N,Hephzibah,,-82.097867,33.302967,-82.096708,33.302225,"82d05'48.15""W","33d18'08.01""N",
M,100,678789.9688,1201343.23,249-0-043-03-0,Hephzibah Middle School,GPS,2427 Mims Road,Hephzibah,30815,RCBOE,1156,0,1,,1981/ 1999,,"99,398",4885601,,,2004,,Augusta-Richmond County Tax Assessors Value,Essential Facility,RM1,EDU1,Middle School,249-0-043-03-0,249-0-043-03-0,1201098.09465077,678763.155264694,4/28/2005,N,,Middle School,Educational,Y,N,Hephzibah,,-82.09268,33.30198,-82.092708,33.302008,"82d05'33.75""W","33d18'07.23""N",
M,100,712384.7813,1261464.153,046-3-040-00-0,Lucy C Laney Comprehensive High School,GPS,1339 Laney-Walker Blvd,Augusta,30901,RCBOE,684,0,3,,1950/ 1954/ 1955/ 1963/ 1988/ 1997,,"146, 681",1267000,,,2004,,Augusta-Richmond County Tax Assessors Value,Essential Facility,RM1,EDU1,"High School, Public",046-3-040-00-0,046-3-040-00-0,1261342.70748948,712363.195495594,6/13/2005,N,,"High School, Public",Educational,,,Augusta,,-81.982826,33.467044,-81.982383,33.467472,"81d58'56.58""W","33d28'02.9""N",
M,100,707832.5313,1263670.479,045-2-044-00-0,Tubman Middle School,Geocode,1740 Walton Way,Augusta,30904,RCBOE,691,0,3,,1916/ 1928/ 1951/ 1991/ 1999,,"116,074",1800443,,,2004,,Augusta-Richmond County Tax Assessors Value,Essential Facility,RM1,EDU1,Middle School,045-2-044-00-0,045-2-044-00-0,1263770.5064704,707788.78363359,6/13/2005,N,,Middle School,Educational,,,Augusta,,-81.99637,33.47554,-81.997372,33.474167,"81d59'50.54""W","33d28'27""N",
T,100,708963.7813,1261336.043,045-4-022-00-0,Paine College,GPS,1720 Laney Walker Boulevard,Augusta,30910,,,,,,0,,0,6240916,,,2004,,Augusta-Richmond County Tax Assessors Value,Important Facility,,EDU2,Private Four-Year College,045-4-022-00-0,045-4-022-00-0,1262006.49261523,708782.862753567,6/13/2005,N,,Private Four-Year College,Educational,,,Augusta,,-81.992339,33.46981,-81.997656,33.46955,"81d59'51.56""W","33d28'10.38""N",
T,100,,,045-4-006-00-0,Paine College,Aerial Photo / School Feature Class,1235 Fifteenth Street,Augusta,30910,,,,,,0,,0,1330000,,,2004,,Augusta-Richmond County Tax Assessors Value,Important Facility,,EDU2,Private Four-Year College,045-4-006-00-0,045-4-006-00-0,1262091.40555535,707704.71000137,6/13/2005,Y,,Private Four-Year College,Educational,,,Augusta,,,,-81.997656,33.46955,"81d59'51.56""W","33d28'10.38""N",
M,100,710345.1563,1255518.434,073-1-013-00-0,Richmond County Alter. & Opportunity Magnet School,GPS,1000 Turpin Street,Augusta,30901,RCBOE,0,0,1,,0,,0,510970,,,2004,,Augusta-Richmond County Tax Assessors Value,Essential Facility,RM1,EDU1,"High School, Public",073-1-013-00-0,073-1-013-00-0,1255514.13254746,710221.912876288,6/13/2005,N,,"High School, Public",Educational,,,Augusta,,-81.98972,33.451257,-81.989439,33.451464,"81d59'21.98""W","33d27'05.27""N",
M,100,714236.6563,1263782.654,046-2-053-01-0,Davidson Magnet School,Geocode,615 12th Street,Augusta,30901,RCBOE,759,0,1,,1991/ 1997,,"117,970",5406000,,,2004,,Augusta-Richmond County Tax Assessors Value,Essential Facility,RM1,EDU1,Other School,046-2-092-00-0,046-2-092-00-0,1263524.59463227,714833.038522008,6/13/2005,N,,Other School,Educational,,,Augusta,,-81.97459,33.47368,-81.974272,33.473456,"81d58'27.38""W","33d28'24.44""N",
M,100,695032.5938,1269415.696,025-4-015-00-0,Tutt Middle School,Geocode,495 Boy Scout Road,Augusta,30909,RCBOE,669,0,2,,1959/ 1966/ 1988/ 1999,,"94,466",912000,,,2004,,Augusta-Richmond County Tax Assessors Value,Essential Facility,RM1,EDU1,Middle School,025-4-015-00-0,025-4-015-00-0,1269355.44561026,695158.205613397,6/13/2005,N,,Middle School,Educational,,,Augusta,,-82.03749,33.49162,-82.038772,33.489564,"82d02'19.58""W","33d29'22.43""N",
M,100,716937.9063,1264191.757,037-3-168-00-0,RCBOE Headquarters,GPS,864 Broad Street,Augusta,30901,RCBOE,425,0,4,,2004,,"96,285",440000,,,2004,,Augusta-Richmond County Tax Assessors Value,Essential Facility,RM1,EDU1,R.C.B.O.E. Headquarters,037-3-168-00-0,037-3-168-00-0,1264266.7761875,716928.444540427,6/13/2005,N,,R.C.B.O.E. Headquarters,Public Building,,,Augusta,,,,-81.967394,33.475486,"81d58'02.62""W","33d28'31.75""N",
M,100,706406.75,1257061.28,034-4-025-00-0,William Robinson Center,GPS,1539 Eagles Way,Augusta,30901,RCBOE,3,196,1,,1926/ 1959/ 1963,,"18,447",1488927,,,2004,,Augusta-Richmond County Tax Assessors Value,Essential Facility,RM1,EDU1,Evening School,034-4-025-00-0,034-4-025-00-0,1265708.91266667,701234.946077771,6/14/2005,Y,,Evening School,Educational,,,Augusta,,,,-82.018856,33.479519,"82d01'07.88""W","33d28'46.27""N",
M,100,677255.25,1205202.003,227-0-194-02-0,Hephzibah City Hall,GPS,2530 Hwy 88,Hephzibah,30815,City of Hephzibah,4,1,1,"258,900",1977,,"2,670","210,750","48,150",2000,2000,Office Equipment,Replacement Value,Lifeline Syste / Important Facility,URM,GOV1,City Hall,227-0-194-02-0,227-0-194-02-0,1205226.40060034,677303.875837717,4/26/2005,N,,City Hall,Public Building,,,Hephzibah,,-82.09717,33.3136,-82.097475,33.313358,"82d05'50.91""W","33d18'48.09""N",
M,100,677255.25,1205202.003,227-0-194-02-0,Hepzhibah Police Department,GPS,2530 Hwy 88,Hephzibah,30815,City of Hephzibah,4,1,1,"258,900",1977,,"2,670","210,750","48,150",2000,2000,"Office Equipment, Holding Cell, etc",Replacement Value,Essential Facility / Important Facility,URM,GOV2,Police Station,227-0-194-02-0,227-0-194-02-0,1205226.40060034,677303.875837717,4/26/2005,N,,Police Station,Law Enforcement,,,Hephzibah,,-81.994761,33.073959,-82.097475,33.313358,"82d05'50.91""W","33d18'48.09""N",
U,100,676886.2751,1204980.224,227-0-194-00-0,Hephzibah Elementary School,GPS,2542 Hwy 88,Hephzibah,30815,RCBOE,543,0,1,,2000,,"77,701",1123000,,,2004,,Augusta-Richmond County Tax Assessors Value,Essential Facility,RM1,EDU1,Elementary School,227-0-194-00-0,227-0-194-00-0,1204864.92424986,676990.246184613,4/26/2005,Y,,Elementary School,Educational,,,Hephzibah,,-82.09911,33.31215,-82.098503,33.312367,"82d05'54.61""W","33d18'44.52""N",
M,100,677776.9375,1202726.192,249-0-039-02-0,Hephzibah/Carroll Community Center,,4977 Windsor Spring Road,Hephzibah,30815,"Augusta, GA",100,100,1,,1986,,"5,320","120,000","20,000",,,"recreation equip,kitchen appliances,office equip",,Important Facility,,COM8,Recreation Facility,249-0-039-02-0,249-0-039-02-0,1202410.62504382,677875.499982097,4/28/2005,N,,Recration Facility,Other,,,Hephzibah,,,,-82.095608,33.305619,"82d05'44.19""W","33d18'20.23""N",
,,,,227-0-107-00-0,Graham Elementary School,Aerial Photo / School Feature Class,4790 Windsor Spring Road,Hephzibah,30815,RCBOE,,,,,0,,0,323658,,,2004,,Augusta-Richmond County Tax Assessors Value,Essential Facility,RM1,EDU1,Elementary School,227-0-107-00-0,227-0-107-00-0,1206754.46213445,678575.880776569,4/28/2005,Y,,Elementary School,Educational,,,Hephzibah,,,,-82.093308,33.317556,"82d05'35.91""W","33d19'03.2""N",
M,100,664485.4375,1197025.958,270-0-004-03-0,Hephzibah-Oakridge - Water Tower,Aerial Photo,4442 Fulcher Road,Hephzibah,30815,City of Hephzibah,,,1,"87,900",1970,,336,"35,800","52,100",2000,2000,"Water Pumps, etc",Replacement,Essential Facility / Lifeline Syst / HazMat,C3,GOV1,Water System,270-0-004-03-0,270-0-004-03-0,1197022.97676639,664528.372057081,4/28/2005,N,,Water System,Water System,,,Hephzibah,,-82.14,33.524166,-82.139303,33.290828,"82d08'21.49""W","33d17'26.98""N",
M,100,670905.5,1194056.164,294-0-027-00-0,McDuffie Woods Community Center,Aerial Photo,3431 Old McDuffie Road,Augusta,30906,"Augusta, GA",400,400,1,,1991,,"11,160",1.5 mil,"80,000",,,"rec equip,office furniture/equip,kitchen appliance",,Important Facility,,COM8,Recreation Facililty,294-0-027-00-0,294-0-027-00-0,1194214.6226168,670948.273854675,4/28/2005,N,,Recreation Facililty,Other,Y,N,Augusta,,,,-82.118297,33.283103,"82d07'05.87""W","33d16'59.17""N",
M,100,677688.4375,1233614.879,129-0-015-00-0,Morgan Road Middle School,Geocode,3635 Hiers Blvd,Hephzibah,30815,RCBOE,879,0,1,,1983,,"99,141",6913000,,,2004,,Augusta-Richmond County Tax Assessors Value,Essential Facililty,RM1,EDU1,Middle School,129-0-015-00-0,129-0-015-00-0,1234126.74997078,678449.187471646,6/13/2005,N,,Middle School,Educational,,,Augusta,,-82.09817,33.38654,-82.093658,33.392786,"82d05'37.17""W","33d23'34.03""N",
M,100,712694.2813,1187085.043,337-0-053-00-0,McBean Community Park,,1155 Hephzibah McBean Road,Hephzibah,30815,"Augusta, GA",110,110,1,,2002,,"6,300","700,000","75,000",,,"rec equip/supplies,kitchen appl,office furniture",,Important Facility,,COM8,Recreation Facility,337-0-053-00-0,337-0-053-00-0,1186721.24998858,713529.249965049,6/13/2005,N,,Recreation Facility,Other,,,Augusta,,,,-81.979,33.262375,"81d58'44.4""W","33d15'44.55""N",
M,100,713581.5312,1187083.424,337-0-001-01-0,AFD- Engine Co #12,GPS,1151 Hephzibah-McBean Road,Augusta,30815,"Augusta, GA",4,4,1,,2004,,0,"1,065,000","1,250,000",2004,2004,"pump, tanker, furniture",Other,Essential Facility,RM2,GOV2,Fire Station,337-0-001-01-0,337-0-001-01-0,1186550.19818514,712976.945199484,6/13/2005,N,,Fire Station,Fire Station,,,Augusta,,,,-81.980808,33.261908,"81d58'50.91""W","33d15'42.87""N",
T,100,723065.5,1224765.068,159-0-002-00-0,Bush Field Fire Department,,1501 Aviation Way,Augusta,30906,,3,2,1,,1989,,"4,420",5814245,,,2004,,Augusta-Richmond County Tax Assessors Value,Essential Facility,S1,GOV2,Fire Station,159-0-002-00-0,159-0-002-00-0,1225531.99351703,715561.372754074,6/15/2005,N,YES,Fire Station,Fire Station,Y,N,Augusta,,,,-81.972117,33.369033,"81d58'19.62""W","33d22'08.52""N",
M,100,696277.5625,1226036.636,155-0-046-00-0,First Baptist Church of Gracewood Academy,,3633 Peach Orchard Road,Augusta,30906,,,,,,0,,0,860450,,,2004,,Augusta-Richmond County Tax Assessors Value,Important Facility,,EDU1,Private School,155-0-046-00-0,155-0-046-00-0,1226003.10439291,696342.390279152,6/13/2005,N,,Private School,Educational,,,Augusta,,,,-82.035067,33.370411,"82d02'06.24""W","33d22'13.48""N",
M,100,718702.9687,1260078.651,060-1-012-01-0,911 Center/Emergency Operations Center,,911 4th Street,Augusta,,"Augusta, GA",,,1,,1996,,"8,740","1,250,000",,,1997,,,Essential Facility,,GOV2,Esssential Facility,060-1-012-01-0,060-1-012-01-0,1260131.99996746,718565.687488219,6/13/2005,N,,Emergency Services,Emergency Services,,,Augusta,,,,-81.962053,33.464111,"81d57'43.39""W","33d27'50.8""N",
M,100,694683.4375,1247355.664,097-1-148-00-0,Wheeless Road Elementary School,Geocode,2530 Wheeless Road,Augusta,30904,RCBOE,513,0,1,,1954/ 2000,,"47,112",781000,,,2004,,Augusta-Richmond County Tax Assessors Value,Essential Facility,RM1,EDU1,Elementary School,097-1-148-00-0,097-1-148-00-0,1247357.12510896,694436.125049452,6/13/2005,N,,Elementary School,Educational,,,Augusta,,-82.04292,33.43068,-82.041228,33.429108,"82d02'28.42""W","33d25'44.79""N",
M,100,712720.375,1260675.774,046-3-305-00-0,AR Johnson Health Professions (Magnet) School,GPS,1324 Laney-Walker Blvd,Augusta,30901,RCBOE,469,0,1,,1956/ 1966,,"66,199",1029000,,,2004,,Augusta-Richmond County Tax Assessors Value,Essential Facility,RM1,EDU1,Elementary School,046-3-305-00-0,046-3-305-00-0,1260762.00008616,712703.562651536,6/13/2005,N,,Elementary School,Educational,,,Augusta,,-81.980905,33.466093,-81.981272,33.465875,"81d58'52.58""W","33d27'57.15""N",
M,100,706406.75,1257061.28,058-3-111-00-0,TW Josey Comprehensive High School,GPS,1701 15th Street,Augusta,30901,RCBOE,1037,0,1,,1963/ 1964/ 1965/ 1967/ 1988/ 1998/ 2002,,"191,336",4391079,,,2004,,Augusta-Richmond County Tax Assessors Value,Essential Facility,RM1,EDU1,"High School, Public",058-3-111-00-0,058-3-111-00-0,1256955.26690026,706893.126287714,6/13/2005,N,,"High School, Public",Educational,Y,N,Augusta,,-81.999086,33.455279,-82.000344,33.455439,"82d00'01.24""W","33d27'19.58""N",
M,100,692358.0937,1279644.149,011-0-073-01-0,Westside High,GPS,1002 Stekking Road,Augusta,30907,RCBOE,905,0,1,,1969/ 1984,,"137,018",6104612,,,2004,,Augusta-Richmond County Tax Assessors Value,Essential Facility,RM1,EDU1,"High School, Public",011-0-073-01-0,011-0-073-01-0,1279621.87493644,691990.937391275,6/13/2005,N,,"High School, Public",Educational,Y,N,Augusta,,-82.049789,33.517266,-82.049122,33.517792,"82d02'56.84""W","33d31'04.05""N",
M,100,725927.125,1258107.615,061-2-056-00-0,East Augusta Middle School,Geocode,320 Kentucky Avenue,Augusta,30901,RCBOE,508,0,1,,1969/ 1988,,"79,754",1802000,,,2004,,Augusta-Richmond County Tax Assessors Value,Essential Facility,RM1,EDU1,Middle School,061-2-056-00-0,061-2-056-00-0,1258183.76550075,725773.886815118,6/13/2005,N,,Middle School,Educational,,,Augusta,,-81.93964,33.45864,-81.938431,33.458717,"81d56'18.35""W","33d27'31.38""N",
M,100,693786.4375,1267065.231,033-1-082-00-0,Langford Middle School,GPS,3019 Walton Way Ext,Augusta,30909,RCBOE,802,0,2,,1952/ 1953/ 1988,,"82,352",1366119,,,2004,,Augusta-Richmond County Tax Assessors Value,Essential Facility,RM1,EDU1,Middle School,033-1-082-00-0,033-1-082-00-0,1266858.82477802,693832.591418718,6/13/2005,N,,Middle School,Educational,Y,N,Augusta,,-82.04285,33.4834,-82.043128,33.482708,"82d02'35.26""W","33d28'57.75""N",
M,100,700590.125,1253186.86,071-3-193-00-0,Murphey Middle School,Geocode,2610 Milledgeville Road,Augusta,30904,RCBOE,781,0,1,,1953/ 1960/ 1999,,"94,383",5275000,,,2004,,Augusta-Richmond County Tax Assessors Value,Essential Facility,RM1,EDU1,Middle School,071-3-193-00-0,071-3-193-00-0,1253480.76113425,700661.181055618,6/13/2005,N,,Middle School,Educational,,,Augusta,,-82.02049,33.44666,-82.020794,33.445914,"82d01'14.86""W","33d26'45.29""N",
M,100,697463.5313,1236577.268,121-4-195-00-0,Sego Middle School,Geocode,3420 Julia Avenue,Augusta,30906,RCBOE,1014,0,1,,1964/ 1970/ 1995,,"98,109",4977000,,,2004,,Augusta-Richmond County Tax Assessors Value,Essential Facility,RM1,EDU1,Middle School,121-4-195-00-0,121-4-195-00-0,1236593.56719999,697310.219303961,6/13/2005,N,,Middle School,Educational,,,Augusta,,-82.03215,33.40147,-82.031853,33.399514,"82d01'54.67""W","33d23'58.25""N",
M,100,705751.3438,1220997.157,170-0-007-00-0,Cross Creek High,GPS,3855 Old Waynesboro Road,Augusta,30906,RCBOE,1314,0,1,,1999,,"205,100",19466248,,,2004,,Augusta-Richmond County Tax Assessors Value,Essential Facility,RM1,EDU1,"High School, Public",170-0-007-00-0,170-0-007-00-0,1220811.9749348,706464.111844227,6/14/2005,N,,"High School, Public",Educational,,,Augusta,,,,-82.001939,33.356106,"82d00'06.98""W","33d21'21.98""N",
M,100,707314.6563,1253006.87,072-4-091-00-0,Jenkins-White Elementary,GPS,800 15th Avenue,Augusta,30901,RCBOE,453,0,1,,1991/ 2004,,"77,803",5661355,,,2004,,Augusta-Richmond County Tax Assessors Value,Essential Facility,RM1,EDU1,Elementary School,072-4-091-00-0,072-4-091-00-0,1253011.0586975,707397.740608542,6/14/2005,N,,Elementary School,Educational,Y,Y,Augusta,,,,-81.998711,33.444597,"81d59'55.36""W","33d26'40.55""N",
M,100,673983.125,1261852.21,039-0-083-00-0,Sue Reynolds Elementary (new),GPS,3840 Wrightsboro Road,Augusta,30909,RCBOE,635,0,1,,2001,,"79,604",4854057,,,2004,,Augusta-Richmond County Tax Assessors Value,Essential Facility,RM1,EDU1,Elementary School,039-0-083-00-0,039-0-083-00-0,1262050.39353168,673456.920692364,6/14/2005,N,,Elementary School,Educational,Y,N,Augusta,,,,-82.109967,33.469542,"82d06'35.88""W","33d28'10.35""N",
M,100,669907.9687,1218417.447,176-0-001-00-0,Deans Bridge Road Municipal Landfill,GPS,4330 Deans Bridge Road,Blythe,30805,"Augusta, GA",26,,1,,0,"50,000",0,79000,,,2004,lost revenue and costs,Augusta-Richmond County Tax Assessors Value,Important Faclility,MH,GOV1,MSWL,176-0-001-00-0,176-0-001-00-0,1218966.65871415,669232.107395381,6/14/2005,N,,MSWL,Landfill,Y,N,Augusta,,-81.96468,33.08108,-82.123878,33.351133,"82d07'25.96""W","33d21'04.08""N",
M,100,669907.9687,1218417.447,176-0-001-00-0,Sheriff's Office Training Center,,2098 Greenland Road,Blythe,30805,"Augusta, GA",25,0,1,,0,,0,79000,,,2004,,Augusta-Richmond County Tax Assessors Value,Important Facility,O,GOV1,Sheriff's Office,176-0-001-00-0,176-0-001-00-0,1216076.98892773,666952.671383863,6/14/2005,N,,Sheriff's Office,Law Enforcement,Y,N,Augusta,,,,-82.131347,33.343194,"82d07'52.85""W","33d20'35.5""N",
M,100,696821.625,1253934.975,070-4-094-02-0,CH Terrell Academy,GPS,2834 Milledgeville Road/ 2813 Regency Blvd,Augusta,30904,,,,,,0,,32670,187000,,,2004,,Augusta-Richmond County Tax Assessors Value,Essential Facility,,EDU1,Private School,070-4-094-02-0,070-4-094-02-0,1252101.49193253,697306.910128582,6/14/2005,N,,Private School,Educational,Y,Y,Augusta,,-82.033325,33.447405,-82.031797,33.442136,"82d01'54.47""W","33d26'31.69""N",
M,100,699987,1264456.469,034-3-137-00-0,Augusta State University,GPS,2500 Walton Way,Augusta,30904,"Board of Regenrts, Univ System of GA","6,200",,"1,2,&3",,1815-2004,,"946,313","111,629,640","34,096,992",2004,2004,"computers,office equip,classroom equip, lab equip",Replacement Value,Important Facility,RM2,EDU2,Public Four-Year College,034-3-137-00-0,034-3-137-00-0,1264524.99992383,700051.187561944,,N,YES,Public Four-Year College,Educational,,,Augusta,,-82.022643,33.477874,-82.022744,33.476272,"82d01'21.88""W","33d28'34.58""N",
M,100,698571.9688,1234805.254,133-0-003-01-0,Wee Wisdom School,GPS,3423 Peach Orchard Road,Augusta,30906,,,,,,0,,59400,54000,,,2004,,Augusta-Richmond County Tax Assessors Value,Important Facility,,EDU1,Private School,133-0-003-01-0,133-0-003-01-0,1234811.12447337,698753.902174425,6/14/2005,N,YES,Private School,Educational,,,Augusta,,-82.026477,33.394141,-82.027128,33.394611,"82d01'37.66""W","33d23'40.6""N",
M,100,698316.8125,1234925.224,133-0-002-00-0,Risen Savior Academy,Aerial Photo,3423 Peach Orchard Road,Augusta,30906,,,,1.0,,1916,,0,17680,,,2004,,Augusta-Richmond County Tax Assessors Value,Important Facility,,EDU1,Private School,133-0-002-00-0,133-0-002-00-0,1234955.02240293,698359.210646616,6/14/2005,N,YES,Private School,Educational,,,Augusta,,,,-82.028422,33.395008,"82d01'42.32""W","33d23'42.03""N",
M,100,693881.2199,1269720.184,025-3-031-01-0,Westminster Schools of Augusta,GPS,3067 Wheeler Road,Augusta,30909,,321,,3,"1,000",5,868,"34,524","2,273,060","266,180",2004,2004,"PK-5 grades- desks, computers, tv's, copies, etc",Market Value,Elementary School,RM1,EDU1,Private School PK-5,025-3-031-01-0,025-3-031-01-0,1269152.4637848,694011.91797669,,N,YES,Private School PK-5,Educational,Y,N,Augusta,,-82.043254,33.488586,-82.042531,33.489011,"82d02'33.11""W","33d29'20.44""N",
M,100,693881.2199,1269720.184,025-3-031-01-0,"Westminster Schools, Prep School Gym",GPS,3067 Wheeler Road,Augusta,30909,,130,,2,"1,000",1980,868,"16,265","1,070,887","125,403",,,"computers, desks, tables, etc",Market Value,Other Facility,S2,EDU1,"Private School, Gym",025-3-031-01-0,025-3-031-01-0,1270333.3062365,693765.634610703,,N,YES,"Private School, Gym",Educational,Y,N,Augusta,,-82.043254,33.488586,-82.043336,33.492256,"82d02'36.01""W","33d29'32.12""N",
M,100,693881.2199,1269720.184,025-3-031-01-0,"Westminster Schools of Augusta, Administration",GPS,3067 Wheeler Road,Augusta,30909,,40,,1,"1,000",1975,868,"5,606","369,099","43,222",,,"computers, desks, office equip",Market Value,Important Facility,C2,EDU1,"Private School, Admin Bldg",025-3-031-01-0,025-3-031-01-0,1269221.89716581,694134.447431505,,N,YES,"Private School, Admin Bldg",Educational,Y,N,Augusta,,-82.043254,33.488586,-82.042131,33.4892,"82d02'31.67""W","33d29'21.12""N",
M,100,693881.2199,1269720.184,025-3-031-01-0,Westminster Schools of Augusta,GPS,3067 Wheeler Road,Augusta,30909,,170,0,1,1000,1975,868,6124,"403,204","47,216",,,"desks,computers,school materials",Market Value,Important Facility,C2,EDU1,"Private School, Middle School ""E""",025-3-031-01-0,025-3-031-01-0,1270283.81927052,693877.135576394,,N,YES,"Private School, Middle School ""E""",Educational,Y,N,Augusta,,-82.043254,33.488586,-82.042531,33.489011,"82d02'33.11""W","33d29'20.44""N",
M,100,699166.375,1249366.853,086-3-044-01-0,Augusta Seventh Day Adventist (CLOSED),GPS,2514 Richmond Hill Road,Augusta,30906,,,,,,0,,0,479000,,,2004,,Augusta-Richmond County Tax Assessors Value,Important Facility,,EDU1,Private School,086-3-044-01-0,086-3-044-01-0,1249295.56755697,699084.529139764,6/5/2005,N,,Private School,Educational,,,Augusta,,-82.023472,33.43626,-82.025981,33.434419,"82d01'33.53""W","33d26'03.91""N",
M,100,705624.2813,1249704.347,087-3-009-01-0,Southgate Christian School (CLOSED),GPS,2226 Peach Orchard Road,Augusta,30906,,,,,,0,,49400,1573129,,,2004,,Augusta-Richmond County Tax Assessors Value,Important Facility,,EDU1,Private School,087-3-009-01-0,087-3-009-01-0,1249845.94497375,705378.119078879,6/5/2005,N,,Private School,Educational,,,Augusta,,-82.005417,33.43662,-82.005347,33.435906,"82d00'19.25""W","33d26'09.26""N",
M,100,644174.9688,1199566.863,266-0-006-01-0,AFD- Engine Co #14,GPS,3507 Hwy 88,Augusta,30805,"Augusta, GA",3,3,1,,1980,,"2,800","114,000","330,000",,,"pump, bldg contents",Assessed Value,Essential Facility,URM,GOV2,Fire Station,266-0-006-01-0,266-0-006-01-0,1199552.7607383,644162.659031718,6/14/2005,N,,Fire Station,Fire Station,,,Blythe,,-84.318449,33.478349,-82.205956,33.297778,"82d12'21.44""W","33d17'52""N",
M,100,644099.6562,1199634.632,266-0-006-03-0,Blythe City Hall,GPS,294 Church Street,Blythe,30805,City of Blythe,4,1-2,1,,1920,,"3,900","210,000","13,900",2000,2000,"computers, files, furnishings",,Essential Facility / Historical Consideration,C1,GOV1,City Hall,266-0-006-03-0,266-0-006-03-0,1199610.37004788,644078.702536595,6/2/2005,N,,City Hall,Public Building,,,Blythe,,-82.20155,33.29279,-82.206231,33.297936,"82d12'22.43""W","33d17'52.57""N",
M,100,644099.6562,1199634.632,266-0-006-03-0,Blythe Police Department,GPS,294 Church Street,Blythe,30805,City of Blythe,4,1-2,1,,1920,,0,0,,2000,2004,"computers, files, furnishings",Augusta-Richmond County Tax Assessors Value,Essential Facility,C1,GOV1,Police Station,266-0-006-03-0,266-0-006-03-0,1199610.37004788,644078.702536595,6/2/2005,N,,Police Station,Law Enforcement,,,Blythe,,-81.97205,32.953747,-82.206231,33.297936,"82d12'22.43""W","33d17'52.57""N",
M,100,644099.6562,1199634.632,266-0-006-02-0,City of Blythe Treatment Plant #1 (New Well),GPS,294 Church Street,Blythe,30805,City of Blythe,,,,,1988,,120,"35,000","25,000",1997,1997,,,Water System,,GOV2,Water System,266-0-006-02-0,266-0-006-02-0,1199746.78817658,644272.049154788,6/2/2005,N,,Water System,Water System,,,Blythe,,-82.052777,33.542777,-82.205597,33.298311,"82d12'20.15""W","33d17'53.92""N",
M,100,680422.6251,1269855.994,023-0-257-00-0,Charter Augusta Behavioral Health System,GPS,3100 Perimeter Parkway,Augusta,30909,,,,,,0,,0,1715322,,,2004,,Augusta-Richmond County Tax Assessors Value,Essential Facility,,COM6,Hospital,023-0-257-00-0,023-0-257-00-0,1269902.10278915,680279.689237195,6/2/2005,N,YES,"Hospital, Admissions Entrance",Medical,,,Augusta,,-82.311944,33.425555,-82.087572,33.491108,"82d05'15.26""W","33d29'27.99""N",
M,100,714030.2813,1260154.181,046-4-766-00-0,Immaculate Conception School,GPS,1016 Laney Walker Boulevard,Augusta,30901,,65,,1,,1956,,66647,495000,,,2004,"computers, textbooks, office furniture, desks",Augusta-Richmond County Tax Assessors Value,Important Facility,C1,EDU2,Private School,046-4-766-00-0,046-4-766-00-0,1260210.86976493,713981.005350084,6/2/2005,N,YES,Private School,Educational,,,Augusta,,-81.976498,33.464554,-81.977086,33.464353,"81d58'37.51""W","33d27'51.67""N",
M,100,702353.9063,1264711.122,034-4-115-00-0,Episcopal Day School,GPS,2248 Walton Way,Augusta,30904,,537,0,2,,1944/ 1970/ 1992/ 2000,,"79,816","6,500,000,","1,200,000",2003,2003,"school furn,computers,kitchen equip,office furn",Replacement Value,Important Facility/Special Consideration/School,RM1,EDU1,Private School,034-4-115-00-0,034-4-115-00-0,1264743.89660858,702258.705028004,6/2/2005,N,,Private School,Educational,,,Augusta,,-82.014211,33.476793,-82.015503,33.476864,"82d00'55.81""W","33d28'36.71""N",
M,100,707654.1875,1271023.684,027-0-004-00-0,CSRA Humane Society,GPS,425 Wood Street Ext,Augusta,30904,"Augusta, GA",,,,,0,,0,345930,,,2004,,Augusta-Richmond County Tax Assessors Value,Important Facility,,GOV1,City Jail,027-0-004-00-0,027-0-004-00-0,1271041.37498243,707356.312493226,6/14/2005,Y,,City Jail,Correctional,Y,N,Augusta,,-81.757017,32.975006,-81.99875,33.49415,"81d59'55.5""W","33d29'38.94""N",
M,100,694134.6251,1225612.75,155-0-002-02-0,Richmond County Correctional Institute,GPS,2314 Tobacco Road,Augsta,30906,"Augusta, GA",,,1,,0,,0,3423634,,,2004,,Augusta-Richmond County Tax Assessors Value,Essential Facility / Vulnerable Population,,GOV1,County Correctional Institution,155-0-002-02-0,155-0-002-02-0,1227155.37503212,695089.81249642,6/14/2005,N,,County Correctional Institution,Correctional,,,Augusta,,-81.851298,33.11096,-82.039164,33.373583,"82d02'20.99""W","33d22'24.9""N",
M,100,719124.1875,1260746.546,047-4-452-01-0,Richmond County Jail,GPS,401 Walton Way,Augusta,30911,"Augusta, GA",,,6,,1985,,"150,000",22576000,,,2004,,Augusta-Richmond County Tax Assessors Value,Essential Facility / Vulnerable Population,,GOV1,County Jail,047-4-452-01-0,047-4-452-01-0,1260746.54581246,719124.187527979,6/14/2005,N,,County Jail,Correctional,,,Augusta,,-81.99644,33.074512,-81.960217,33.465797,"81d57'36.78""W","33d27'56.87""N",
M,100,718580.5,1262642.449,047-1-259-00-0,Richmond County Marshal's Office,GPS,"530 Greene Street, Rm 704 Municipal Bldg",Augusta,30910,"Augusta, GA",,,,,1957,,197762,23063403,,,2004,,Augusta-Richmond County Tax Assessors Value,Important Facility,,GOV2,Marshals Office,047-1-259-00-0,047-1-259-00-0,1262719.95930681,718657.797479671,6/14/2005,N,,Marshals Office,Law Enforcement,,,Augusta,,-81.9616,33.47148,-81.961733,33.471225,"81d57'42.24""W","33d28'16.41""N",
M,100,718580.5,1262642.449,047-1-259-00-0,Richmond County Courthouse,GPS,530 Greene Street,Augusta,30911,"Augusta, GA",,,9,,1957,,"1,100,000",23063403,,,2004,,Augusta-Richmond County Tax Assessors Value,Important Facility,,GOV1,Courthouse,047-1-259-00-0,047-1-259-00-0,1262719.95930681,718657.797479671,6/14/2005,N,,Courthouse,Public Building,,,Augusta,,-81.96159,33.47149,-81.961733,33.471225,"81d57'42.24""W","33d28'16.41""N",
M,100,718580.5,1262642.449,047-1-259-00-0,Augusta Municipal Bldg,GPS,530 Greene Street,Augusta,30911,"Augusta, GA",,,9,,1957,,"1,100,000",23063403,,,2004,,Augusta-Richmond County Tax Assessors Value,Important Facility,,GOV1,City Hall/Courthouse/Marshals Office,047-1-259-00-0,047-1-259-00-0,1262719.95930681,718657.797479671,6/14/2005,N,,City Hall/Courthouse/Marshals Office,Public Building,,,Augusta,,-82.205277,33.453055,-81.961733,33.471225,"81d57'42.24""W","33d28'16.41""N",
M,100,696137.2188,1262351.332,043-2-152-02-0,Daniel Village Sheriff's Office,GPS,Daniel Village,Augusta,30909,"Augusta, GA",50,50,1,,0,,699754,6309288,,,2004,,Augusta-Richmond County Tax Assessors Value,Essential Facility,O,GOV1,Sheriff's Office,043-2-152-02-0,043-2-152-02-0,1262521.93621528,696003.359966919,6/14/2005,N,,Sheriff's Office,Law Enforcement,,,Augusta,,-82.03589,33.47109,-82.036028,33.470781,"82d02'09.7""W","33d28'14.81""N",
M,100,702343.5001,1251722.055,086-2-005-00-0,Southgate Plaza Sheriff's Offices,GPS,1631 Gordon Highway,Augusta,30906,"Augusta, GA",50,50,1,,1958,,"2,690",1360287,,,2004,,Augusta-Richmond County Tax Assessors Value,Essential Facility,,GOV1,Sheriff's Office,086-2-005-00-0,086-2-005-00-0,1251181.50003576,701822.437444288,6/14/2005,N,,Sheriff's Office,Law Enforcement,,,Augusta,,-82.01504,33.4395,-82.016997,33.439592,"82d01'01.19""W","33d26'22.53""N",
M,100,701990.0937,1232634.838,133-0-023-02-0,Charles B Webster Detention Center,,1941 Phinizy Road,Augusta,30906,"Augusta, GA",550,550,,,0,,0,143000,,,2004,,Augusta-Richmond County Tax Assessors Value,Essential Facility / Vulnerable Population,O,GOV1,County Jail,133-0-023-02-0,133-0-023-02-0,1232577.0099712,702304.937650228,6/14/2005,N,,County Jail,Correctional,,,Augusta,,,,-82.015506,33.388456,"82d00'55.82""W","33d23'18.44""N",
M,100,702039.5313,1264853.603,034-4-114-00-0,Appleby Branch Library,GPS,2260 Walton Way,Augusta,30904,"Augusta, GA",10,0,2,,1830/ 1920,125,"4,600","783,462","981,133",2004,2004,"books, computers,media,furniture",Replacement Value,Special Consideration/ Historical Consideration,W1,GOV1,Library,034-4-114-00-0,034-4-114-00-0,1264914.16505332,702046.969561947,6/14/2005,N,,Library,Library,,,Augusta,,-82.213888,33.435555,-82.016197,33.477333,"82d00'58.31""W","33d28'38.4""N",
M,100,716386.25,1263609.153,047-1-194-00-0,Augusta-Richmond County Public Library,GPS,902 Greene Street,Augusta,30901,"Augusta, GA",75,0,2,,1959,"1,051","38,500","4,279,130","6,896,562",2004,2004,"books,media,computers(servers), furniture",Replacement Value,Special Consideration,RM2,GOV1,Library,047-1-194-00-0,047-1-194-00-0,1263687.90979937,716454.258623659,6/14/2005,N,,Library,Library,,,Augusta,,-82.310833,33.418888,-81.968953,33.473897,"81d58'08.23""W","33d28'26.03""N",
M,100,685962.9063,1262644.655,041-2-146-01-0,Friedman Branch Library,GPS,1447 Jackson Road,Augusta,30909,"Augusta, GA",27,0,1,,1986,282,"10,300","775,325","1,179,410",2004,2004,"books, media, computers, furniture",Replacement Valueq,Other Facility,S2,GOV1,Library,041-2-146-01-0,041-2-146-01-0,1262817.46745346,685962.90626182,6/14/2005,N,,Library,Library,,,Augusta,,-82.14,33.524166,-82.068953,33.471622,"82d04'08.23""W","33d28'17.84""N",
M,100,702725.7188,1243793.526,110-2-003-00-0,Jeff Maxwell Branch Library,GPS,1927 Lumpkin Road,Augusta,30906,"Augusta, GA",28,0,1,,1973,196,"7,158","587,883","1,685,698",2004,2004,"books,media,computers, furniture",Replacement Value,Other Facility,S2,GOV1,Library,110-2-003-00-0,110-2-003-00-0,1243269.37499798,702984.562477527,6/14/2005,N,,Library,Library,Y,N,Augusta,,-82.052777,33.542777,-82.013225,33.417842,"82d00'47.61""W","33d25'04.23""N",
M,100,712999.25,1260927.575,046-3-124-00-0,Wallace Branch Library,GPS,1237 Laney-Walker Blvd,Augusta,30901,"Augusta, GA",10,0,1,,1958,141,"5,147","372,978","656,895",2004,2004,"books, media,computers, furniture",Replacement Value,Other Facility,S2,GOV1,Library,046-3-124-00-0,046-3-124-00-0,1260893.34346143,712974.799292569,6/14/2005,N,,Library,Library,,,Augusta,,-82.265,33.476111,-81.980381,33.466233,"81d58'49.37""W","33d27'58.44""N",
M,100,700811.875,1243809.229,110-1-019-00-0,Administrative Office at Elliott Park,,2027 Lumpkin Road,Augusta,30906,"Augusta, GA",30,30,2,,1977,,"9,100","750,000","100,000",,,"office furniture/equipment, recreation equipment/s",,Important Facility,,COM8,Recreation Facility,110-1-019-00-0,110-1-019-00-0,1243663.81457975,700675.99585996,6/14/2005,N,,Recreation Facility,Other,,,Augusta,,,,-82.020792,33.418933,"82d01'14.85""W","33d25'08.16""N",
M,100,692268.25,1260657.688,043-3-004-00-0,Augusta Aquatic Center,,3131 Damascus Road,Augusta,30904,"Augusta, GA",700,700,2,,1999,,"29,200",5 mill,"300,000",,,"recreation/swimming equip,office furniture,kitchen",,Important Facility,,COM8,Recreation Facility,043-3-004-00-0,043-3-004-00-0,1260647.22920034,692149.718367843,6/14/2005,N,,Recreation Facility,Other,,,Augusta,CONSERVATION/REC,,,-82.048672,33.465642,"82d02'55.22""W","33d27'56.31""N",
T,100,693008.0626,1259376.88,056-1-002-01-0,Augusta Municipal Golf Course,,2023 Highland Avenue,Augusta,30904,"Augusta, GA",105,105,1,,1999,,"14,150","850,000","145,000",,,"golf equip/supplies,office furniture/supplies,kitc",,Important Facility,,COM8,Recreation Facility,056-1-002-01-0,056-1-002-01-0,1259010.82646849,693185.859973509,6/14/2005,N,,Recreation Facility,Other,,,Augusta,CONSERVATION/REC,,,-82.045281,33.461142,"82d02'43.01""W","33d27'40.11""N",
M,100,656003.0312,1206837.552,223-0-036-00-0,Blythe Area Community Center,,3129 Hwy 88,Augusta,30805,"Augusta, GA",125,125,1,,2001,,"5,850","600,000","30,000",,,"kitchen appliances,office furniture,rec equip",,Important Facility,,COM8,Recreation Facility,223-0-036-00-0,223-0-036-00-0,1206434.77907086,655916.358731492,6/14/2005,N,,Recreation Facility,Other,,,Augusta,,,,-82.167486,33.3167,"82d10'02.95""W","33d19'00.12""N",
M,100,724308.375,1261978.846,048-3-071-00-0,The Boathouse,,101 Riverfront Drive,Augusta,30901,"Augusta, GA",250,250,2,,1996,,"7,800",1.25 mill,"90,000",,,"kitchen appliances,rec equip,office furniture/equi",,Important Facility,,COM8,Recreation Facility,048-3-071-00-0,048-3-071-00-0,1262039.24993109,724133.875045306,6/14/2005,N,,Recreation Facility,Other,Y,Y,Augusta,,,,-81.943781,33.469322,"81d56'37.61""W","33d28'09.56""N",
M,100,691234.7812,1247792.559,096-2-075-00-0,HH Brigham Swim Center,,2463 Golden Camp Road,Augusta,30906,"Augusta, GA",300,300,1,,1997,,"13,600","950,000","175,000",,,"recreation/swimming equip, office furniture",,Important Facility,,COM8,Recreation Facility,096-2-075-00-0,096-2-075-00-0,1247578.68577209,691133.476238543,,N,YES,Recreation Facility,Other,,,Augusta,,,,-82.05205,33.429728,"82d03'07.38""W","33d25'47.02""N",
M,100,691234.7812,1247792.559,096-2-075-00-0,HH Brigham Community Center,,2463 Golden Camp Road,Augusta,30906,"Augusta, GA",500,500,1,,1990,,"14,000","950,000","90,000",,,"recreation equip,office furniture,kitchen applianc",,Important Facility,,COM8,Recreation Facility,096-2-075-00-0,096-2-075-00-0,1247384.468344,691097.138732432,,N,YES,Recreation Facility,Other,,,Augusta,,,,-82.052172,33.429192,"82d03'07.82""W","33d25'45.09""N",
M,100,691234.7812,1247792.559,096-2-075-00-0,HH Brigham Senior Center,,2463 Golden Camp Road,Augusta,30906,"Augusta, GA",125,125,1,,1997,,"7,700","600,000","70,000",,,,,Important Facility,,COM8,Recreation Facility,096-2-075-00-0,096-2-075-00-0,1247735.31273924,691184.84983124,,N,YES,Recreation Facility,Other,,,Augusta,,,,-82.051883,33.430158,"82d03'06.78""W","33d25'48.57""N",
M,100,708571.0625,1253850.885,072-4-156-00-0,Carrie Mays,,1014 11th Avenue,Augusta,30901,"Augusta, GA",425,425,1,,1995/ 2004,,"15,960","850,000","100,000",,,"recreation equip/supplies,office equip/furniture",,Important Facility,,COM8,Recreation Facility,072-4-156-00-0,072-4-156-00-0,1254250.19519043,708463.205464331,6/14/2005,N,,Recreation Facility,Other,Y,N,Augusta,,,,-81.995211,33.447997,"81d59'42.76""W","33d26'52.79""N",
M,100,706169.7813,1252959.303,072-3-349-00-0,Doughty Park,,1200 Nellievile Road,Augusta,30906,"Augusta, GA",75,75,1,,2002,,2016,"100m,000","15,000",,,"office equip,kitchen appiances,recreation equip",,Important Facility,,COM8,Recreation Center,072-3-349-00-0,072-3-349-00-0,1253032.07981221,706071.18987588,6/14/2005,N,,Recreation Center,Other,,,Augusta,,,,-82.003058,33.444661,"82d00'11.01""W","33d26'40.78""N",
M,100,715792.75,1260878.03,046-4-253-00-0,Dyess Park,,902 James Brown Blvd,Augusta,30901,"Augusta, GA",125,125,2,,1989,,"3,125","130,000","30,000",,,"office equip/furniture,recreation equip,kitchen ap",,Important Facility,,COM8,Recreation Facility,046-4-253-00-0,046-4-253-00-0,1261238.82371802,715594.560899759,6/14/2005,N,,Recreation Facility,Other,,,Augusta,CONSERVATION/REC,,,-81.971789,33.467169,"81d58'18.44""W","33d28'01.81""N",
M,100,726446,1257322.183,061-4-001-04-0,Eastview Park,,644 Aiken Street,Augusta,30901,"Augusta, GA",120,120,1,,2000,,"4,275","600,000","50,000",,,"office equip/furniture,kitchen appliances",,Important Facility,,COM8,Recreation Facility,061-4-001-04-0,061-4-001-04-0,1257293.78396062,726176.209646687,6/14/2005,N,,Recreation Facility,Other,,,Augusta,CONSERVATION/REC,,,-81.937117,33.456269,"81d56'13.62""W","33d27'22.57""N",
M,100,702725.7188,1243793.526,110-2-003-00-0,Fleming Athletic Office,,Lumpkin Road,Augusta,30906,"Augusta, GA",45,45,1,,1999,,"4,600","120,000","75,000",,,"athletic/recreation equip,office equip/supplies",,Vulnerable Population,,COM8,Recreation Facility,110-2-003-00-0,110-2-003-00-0,1243374.33766009,703230.343069021,6/14/2005,N,,Recreation Facility,Other,Y,Y,Augusta,,,,-82.012419,33.418128,"82d00'44.71""W","33d25'05.26""N",
M,100,702725.7188,1243793.526,110-2-003-00-0,Bernie Ward Community Center,,1941 Lumpkin Road,Augusta,30906,"Augusta, GA",500,500,1,,1978,,"17,000","2,900,000","100,000",,,"rec equip/supplies,office furn/equip,kitchen appli",,Important Facility,,COM8,Recreation Facility,110-2-003-00-0,110-2-003-00-0,1243416.49472159,702502.895712161,6/14/2005,N,,Recreation Facility,Other,Y,N,Augusta,,,,-82.014803,33.418247,"82d00'53.29""W","33d25'05.69""N",
M,100,695036.2187,1227616.412,155-0-002-01-0,Gracewood Park,,2309 Tobacco Road,Augusta,30906,"Augusta, GA",125,125,1,,1987,,"3,840","150,000","60,000",,,"office furnitur/supplies,kitchen appliances",,Important Facility,,COM8,Recreation Facility,155-0-002-01-0,155-0-002-01-0,1227655.89137062,695175.915108006,6/14/2005,N,,Racreation Facility,Other,,,Augusta,CONSERVATION/REC,,,-82.038881,33.374958,"82d02'19.97""W","33d22'29.85""N",
M,100,703666.7188,1263540.59,044-2-051-00-0,Hickman Park,,965 Hickman Road,Augusta,30904,"Augusta, GA",40,40,1,,1945,,"1,350","75,000","25,000",,,"office furniture/equip,rec equip,kitchen appliance",,Important Facility,,COM8,Recreation Facility,044-2-051-00-0,044-2-051-00-0,1263537.51785061,703637.084770103,6/14/2005,N,,Recreation Facility,Other,,,Augusta,,,,-82.010989,33.473542,"82d00'39.56""W","33d28'24.75""N",
M,100,671034.7187,1232576.518,128-0-014-10-0,Jamestown Center,,3467 Karleen Road,Augusta,30815,"Augusta, GA",125,125,1,,1997,,"3,840","250,000","65,000",,,"office equip/supplies,rec equip,kitchen appliances",,Important Facility,,COM8,Recreation Facility,128-0-014-10-0,128-0-014-10-0,1232304.92263684,670885.240825092,6/14/2005,N,,Recreation Facility,Other,,,Augusta,,,,-82.118444,33.387792,"82d07'06.4""W","33d23'16.05""N",
M,100,690003.0312,1247105.775,096-2-142-01-0,AFD- Engine Co #13,GPS,2619 Lumpkin Road,Augusta,30906,"Augusta, GA",4,4,1,,1963 / 1971,,14810,"94,000","330,000",,,"pump, blg contents",Assessed Value,Essential Facililty,URM,GOV2,Fire Station,096-2-142-01-0,096-2-142-01-0,1247078.42738665,690002.012696122,6/14/2005,N,,Fire Station,Fire Station,,,Augusta,,-84.32158,33.605469,-82.055761,33.428356,"82d03'20.74""W","33d25'42.08""N",
M,100,678129.6563,1260737.715,040-0-155-00-0,AFD- Engine Co #15,GPS,3620 Wrightsboro Road,Augusta,30906,"Augusta, GA",3,3,1,,approx 1940,,"4,572","temporary bldg 66,000","300,000",,,trailer w/ free standing garage for pump,Assessed Value,Essential Facility,UNK,GOV2,Fire Station,040-0-155-00-0,040-0-155-00-0,1260532.84863181,677960.046842601,6/14/2005,N,,Fire Station,Fire Station,Y,N,Augusta,,,,-82.095203,33.465361,"82d05'42.73""W","33d27'55.3""N",
M,100,700573.8438,1232447.325,133-0-023-05-0,AFD- Engine Co #16,GPS,3446 Louisville Road,Augusta,30906,"Augusta, GA",,,1,,1994,,"3,742","251,000","330,000",,,"pump, bldg contents",Assessed Value,Essential Facility,URM,GOV2,Fire Station,133-0-023-05-0,133-0-023-05-0,1232769.77432652,700578.488900742,6/14/2005,N,,Fire Station,Fire Station,,,Augusta,CONSERVATION/REC,-84.32241,33.63403,-82.021161,33.388994,"82d01'16.18""W","33d23'20.38""N",
M,100,707954.9062,1224710.042,157-0-015-01-0,AFD- Engine Co #17,GPS,3705 Old Waynesboro Road,Augusta,30906,"Augusta, GA",5,5,2,,1974,,"2,800","121,528","330,000",,,"pump, bldg contents",Assessed Value,Essential Facility,S2,GOV2,Fire Station,157-0-015-01-0,157-0-015-01-0,1224747.78621678,707969.946177606,6/14/2005,N,,Fire Station,Fire Station,,,Augusta,,-84.32283,33.654315,-81.996986,33.366914,"81d59'49.15""W","33d22'00.89""N",
M,100,683686.625,1225055.689,153-0-072-02-0,AFD- Engine Co #18,GPS,4185 Windsor Spring Road,Augusta,30906,"Augusta, GA",4,4,2,,1980,,"4,589","57,000","830,000",,,"pump,2 HazMat Vehicles, chief's car, bldg contents",Assessed Value,Essential Facility,S2,GOV2,Fire Station,153-0-072-02-0,153-0-072-02-0,1225037.60714372,683792.178994492,6/14/2005,N,,Fire Station,Fire Station,,,Augusta,,-84.321156,33.587976,-82.076178,33.367794,"82d04'34.24""W","33d22'04.06""N",
M,100,710680.5,1256396.081,059-3-584-00-0,AFD- Engine Co #5,GPS,1898 Martin Luther King Jr.,Augusta,30901,"Augusta, GA",4,4,1,,1992,,23958,"442,000","330,000",,,"pump, furniture, radio",Assessed Value,Essential Facility,RM2,GOV2,Fire Station,059-3-584-00-0,059-3-584-00-0,1256509.20729784,710694.130722187,6/14/2005,N,,Fire Station,Fire Station,,,Augusta,,-84.323063,33.662796,-81.987883,33.454194,"81d59'16.38""W","33d27'15.1""N",
M,100,697530.9688,1246703.168,097-2-156-01-0,AFD- Engine Co #6,GPS,2618 Richmond Hill Road,Augusta,30906,"Augusta, GA",9,9,2,,1954,,37897,"65,720","1,105,000",,,"Aerial truck, pump,",Assessed Value,Essential Facility,URM,GOV2,Fire Station,097-2-156-01-0,097-2-156-01-0,1246724.15053221,697448.862478716,6/14/2005,N,,Fire Station,Fire Station,,,Augusta,,-84.322078,33.625885,-82.031353,33.427358,"82d01'52.87""W","33d25'38.49""N",
M,100,670580.9688,1222697.248,164-1-001-00-0,AFD- Engine Co #7,GPS,2917 Willis Foreman Road,Augusta,30815,"Augusta, GA",4,4,1,,2004,,,"1,206,000","800,000",2004,2004,"radio, furniture, hazmat vehicle, pump",Assessed Value,Essential Facility,RM2,GOV2,Fire Station,164-1-001-00-0,164-1-001-00-0,1222653.0308436,670582.834959456,6/14/2005,N,,Fire Station,Fire Station,,,Augusta,,,,-82.11945,33.361264,"82d07'10.02""W","33d21'40.55""N",
M,100,702744.75,1262477.124,044-2-222-00-0,AFD- Engine Co #7 (Abandoned),GPS,2163 Central Avenue,Augusta,30904,"Augusta, GA",0,0,2,,1913  NHR,,"2,100","130,000",,,,,Assessed Value,Historical Consideration,RM1,GOV2,Fire Station,044-2-222-00-0,044-2-222-00-0,1262484.74864449,702671.552526466,6/14/2005,N,,Fire Station,Fire Station,,,Augusta,,-84.322579,33.640804,-82.014158,33.470653,"82d00'50.97""W","33d28'14.35""N",
M,100,685159.4688,1267947.718,031-0-025-00-0,AFD- Engine Co #9,GPS,3507 Walton Way Ext,Augusta,30906,"Augusta, GA",3,3,1,,1966 / 1972,,"5,600","124,000","330,000",,,"pump, bldg contents",Assessed Value,Essential Facility,URM,GOV2,Fire Station,031-0-025-00-0,031-0-025-00-0,1267933.94509734,685137.466912944,6/14/2005,N,,Fire Station,Fire Station,,,Augusta,,-84.321225,33.592906,-82.071644,33.485686,"82d04'17.92""W","33d29'08.47""N",
M,100,700734.1875,1276150.083,013-3-094-00-0,AFD- Engine Co #10,GPS,2625 Washington Road,Augusta,30906,"Augusta, GA",4,4,1,,1955 / 1967,,"3,000","81,000","330,000",,,"pump, bldg contents",Assessed Value,Essential Facility,URM,GOV2,Fire Station,013-3-094-00-0,013-3-094-00-0,1276222.64934802,700766.487305906,6/14/2005,N,,Fire Station,Fire Station,,,Augusta,,-84.322289,33.63094,-82.020344,33.508417,"82d01'13.24""W","33d30'30.3""N",
M,100,706430.4375,1250275.994,087-1-226-01-0,AFD- Engine Co #11,GPS,2243 Old Savannah Road,Augusta,30906,"Augusta, GA",3,3,2,,1982,,35719,"223,759","330,000",,,"pump, bldg contents",Assessed Value,Essential Facility,URM,GOV2,Fire Station,087-1-226-01-0,087-1-226-01-0,1250220.14847589,706479.029536431,6/14/2005,N,,Fire Station,Fire Station,,,Augusta,,,,-82.001736,33.436931,"82d00'06.25""W","33d26'12.95""N",
,,,,354-0-038-00-0,AFD- Engine Co #12 (Abandoned),,Mike Padgett Hwy,,,,,,,,0,,13225,132000,,,2004,,Augusta-Richmond County Tax Assessors Value,Other Facility,,GOV2,Fire Station (Abandoned),354-0-038-00-0,354-0-038-00-0,1182944.90762787,720739.220318243,6/16/2005,N,,Fire Station (Abandoned),Public Building,,,Augusta,,,,-81.955439,33.251958,"81d57'19.58""W","33d15'07.05""N",
T,100,723065.5,1224765.068,159-0-002-00-0,Bush Field Airport,,1501 Aviation Way,Augusta,30906,"Augusta, GA",300,100,1,,1942,,"68,058",5814245,,,2004,,Augusta-Richmond County Tax Assessors Value,Transportation/ Lifeline,W2,GOV1,Airport,159-0-002-00-0,159-0-002-00-0,1227241.64283704,715418.319929899,6/15/2005,Y,YES,Airport,Airport,Y,N,Augusta,,,,-81.972575,33.373733,"81d58'21.27""W","33d22'25.44""N",
,,,,043-4-013-01-0,Daniel Field,Aerial Photos,1775 Highland Avenue,Augusta,30904,,25,0,2,,1942,,"13,000",6000,,,2004,,Augusta-Richmond County Tax Assessors Value,Transportation / Lifeline System,S,COM3,Airport,043-4-013-01-0,043-4-013-01-0,1260549.18356414,696200.791365935,6/15/2005,N,YES,Airport,Airport,,,Augusta,,,,-82.034556,33.465889,"82d02'04.4""W","33d27'57.2""N",X
,,,,043-4-013-01-0,Daniel Field,Aerial Photos,1775 Highland Avenue,Augusta,30904,,25,0,1,,1940,,"10,000",6000,,,2004,,Augusta-Richmond County Tax Assessors Value,Transportation / Lifeline System,S,COM4,Airport,043-4-013-01-0,043-4-013-01-0,1260742.63977572,696454.702613071,6/15/2005,N,YES,Airport,Airport,,,Augusta,,,,-82.034556,33.465889,"82d02'04.4""W","33d27'57.2""N",X
M,100,695246.875,1258854.853,056-1-004-05-0,Aquinas High School,GPS,1920 Highland Avenue,Augusta,30904,,375,0,1,,1956,,0,2231000,,,2004,,Augusta-Richmond County Tax Assessors Value,Important Facility,RM1,EDU1,Private School,056-1-004-05-0,056-1-004-05-0,1259201.76307997,695098.877385023,6/5/2005,N,,Private School,Educational,,,Augusta,,-82.038537,33.462227,-82.039006,33.461658,"82d02'20.42""W","33d27'41.97""N",
T,67,714689.2188,1265522.372,036-4-188-00-0,Curtis Baptist Elementary,GPS,1326 Broad Street,Augusta,30910,,,,,,0,,111949,,,,2004,,Augusta-Richmond County Tax Assessors Value,Essential Facility,RM1,EDU1,Private School,036-4-188-00-0,036-4-188-00-0,1265469.25463637,713985.220679048,6/14/2005,N,YES,Private School,Educational,,,Augusta,,-81.976916,33.47894,-81.977039,33.478806,"81d58'37.34""W","33d28'43.7""N",
M,100,704989.25,1269186.27,027-3-104-02-0,Curtis Baptist High,GPS,1326 Broad Street,Augusta,30904,,150,0,3,,1965,,35719,271000,,,2004,,Augusta-Richmond County Tax Assessors Value,Important Facility,RM2,EDU1,Private School,027-3-104-02-0,027-3-104-02-0,1265481.12494797,713740.586941458,6/5/2005,N,,Private School,Educational,,,Augusta,,-82.006724,33.489456,-81.977842,33.478839,"81d58'40.23""W","33d28'43.82""N",
T,67,714689.2188,1265522.372,036-4-188-00-0,Curtis Baptist School (Elementary/Middle),,1326 Broad Street,Augusta,3901,,,,,,0,,111949,,,,2004,,Augusta-Richmond County Tax Assessors Value,Important Facility,,EDU1,Private School,036-4-188-00-0,036-4-188-00-0,1265471.5205442,713863.13218219,6/13/2005,N,,Private School,Educational,,,Augusta,,,,-81.977442,33.478811,"81d58'38.79""W","33d28'43.72""N",X
M,100,698774.0625,1264191.582,034-3-134-00-0,St Mary's on the Hill (St. Joseph Academy),GPS,1220 Monte Sano Avenue,Augusta,30904,,536,50-300,2 + 1,,0,,"40,502","4,231,755","400,000 - 800,000",,2005,"media, computers, sound system, furniture",,Important Facility,RM2,EDU1,Private School,034-3-134-00-0,034-3-134-00-0,1264202.62131002,698702.754893114,6/2/2005,N,,Private School,Educational,,,Augusta,,-82.027642,33.47536,-82.027167,33.475389,"82d01'37.8""W","33d28'31.4""N",
M,100,644099.6562,1199634.632,266-0-006-02-0,City of Blythe Water System,GPS,294 Church Street,Blythe,30805,City of Blythe,3,0,1,,1918,,"3,900","210,000","51,200",2000,2000,"Furnishings, computer and files",,Essential Facility / Historical Consideration,C3,GOV1,Water System,266-0-006-02-0,266-0-006-02-0,1199781.09362996,644226.336489959,6/2/2005,N,YES,Water System,Water System,,,Blythe,,-82.052777,33.542777,-82.205747,33.298406,"82d12'20.69""W","33d17'54.26""N",
M,100,710352.5,1262454.524,045-2-377-00-0,Medical College of Georgia ACC Bldg,,1120 15th Street,Augusta,30912,,,,6 (ACC) 5 (SCC),,1992,,"365,822","41,363,494","21,349,372",1997,1997,,,Essential Facility,,COM6,Hospital,045-2-377-00-0,045-2-377-00-0,1262904.05167524,710612.747331645,,N,YES,Hospital,Medical,,,Augusta,,,,-81.988114,33.471772,"81d59'17.21""W","33d28'18.38""N",
M,100,710352.5,1262454.524,045-2-377-00-0,Medical College of Georgia (SCC Bldg),,1120 15th Street,Augusta,30912,,,,6 (ACC) 5 (SCC),,1992,,"365,822","41,363,494","21,349,372",1997,1997,,,Essential Facility,,COM6,Hospital,045-2-377-00-0,045-2-377-00-0,1262833.86043048,710521.498790294,,N,YES,Hospital,Medical,,,Augusta,,,,-81.988414,33.471578,"81d59'18.29""W","33d28'17.68""N",
M,100,710089.7188,1262915.37,045-2-377-02-0,Medical College of Georgia Hospital,GPS,1120 15th Street,Augusta,30902,,,,,,0,,115434,81298000,,,2004,,Augusta-Richmond County Tax Assessors Value,Essential Facility,,COM6,Hospital,045-2-377-02-0,045-2-377-02-0,1263002.31936202,710089.822952845,,N,YES,"Hospital, Emergency Entrance",Medical,,,Augusta,,-82.163055,33.506111,-81.989831,33.472044,"81d59'23.39""W","33d28'19.36""N",X
M,100,710089.7188,1262915.37,045-2-377-02-0,Medical College of Georgia Hospital,GPS,1120 15th Street,Augusta,30902,,,,,,0,,115434,81298000,,,2004,,Augusta-Richmond County Tax Assessors Value,Essential Facility,,COM6,"Hospital, Emergency Entrance",045-2-377-02-0,045-2-377-02-0,1262875.97516336,710033.669998948,,N,YES,"Hospital, Emergency Entrance",Medical,,,Augusta,,-82.163055,33.506111,-81.989831,33.472044,"81d59'23.39""W","33d28'19.36""N",X
M,100,710352.5,1262454.524,045-2-377-00-0,Medical College of Georgia (Talmadge Building),,1120 15th Street,Augusta,30912,,,,9,,1957,,"428,912","59,065,472","35,479,601",1997,1997,,,Essential Facility,,COM6,Hospital,045-2-377-00-0,045-2-377-00-0,1262626.49270433,710008.563125526,,N,YES,Hospital,Medical,,,Augusta,,,,-81.990097,33.471011,"81d59'24.35""W","33d28'15.64""N",
M,100,710352.5,1262454.524,045-2-377-00-0,Medical College of Georgia Hospital,GPS,1120 15th Street,Augusta,30912,,,,,,0,,845500,0,,,2004,,Augusta-Richmond County Tax Assessors Value,Essential Facility,,COM6,Hospital,045-2-377-00-0,045-2-377-00-0,1262854.91779692,710419.721530796,,N,YES,"Hospital, Admissions Entrance",Medical,,,Augusta,,-82.624166,33.676388,-81.989831,33.472044,"81d59'23.39""W","33d28'19.36""N",X
M,100,710352.5,1262454.524,045-2-377-00-0,GHSU Childrens Medical Center,,1120 15th Street,Augusta,30912,,,,,,1998,,845500,0,,,2004,,Augusta-Richmond County Tax Assessors Value,Essential Facility,,COM6,Hospital,045-2-377-00-0,045-2-377-00-0,1262651.36334778,710826.830498937,,N,YES,Hospital,Medical,,,Augusta,,,,-81.987414,33.471075,"81d59'14.69""W","33d28'15.87""N",X
M,100,698514,1260109.899,044-3-141-00-0,Augusta VA Medical Center (Uptown Division),,1 Freedom Way,Augusta,30904,,,,4,,1991,,"687,930","96,000,000","30,000,000",1997,1997,,,Essential Facility,,COM6,Hospital,044-3-141-00-0,044-3-141-00-0,1260405.01888051,699022.11867604,,N,YES,Hospital,Medical,,,Augusta,,,,-82.026136,33.464953,"82d01'34.09""W","33d27'53.83""N",
M,100,713024.5,1264072.354,046-1-005-00-0,Walton Rehabilitation Hospital,GPS,1355 Independence Drive,Augusta,30901,,250,100,1,,1988,,"70,000",2255000,,,2004,,Augusta-Richmond County Tax Assessors Value,Essential Facility / Vulnerable Population,RM2/ S2,COM6,"Hospital, Admissions Entrance",046-1-005-00-0,046-1-005-00-0,1263994.90810976,713051.853919057,6/14/2005,N,,"Hospital, Admissions Entrance",Medical,,,Augusta,,-82.265,33.476111,-81.980111,33.474758,"81d58'48.4""W","33d28'29.13""N",
M,100,712396.0313,1262537.88,046-1-036-02-0,University Hospital,GPS,1350 Walton Way,Augusta,30901,,,,10 + penthouse,,1970,,"862,379",145680017,,,2004,,Augusta-Richmond County Tax Assessors Value,Essential Facility / Vulnerable Population,S5/ S4,COM6,"Hospital, Admissions Entrance",046-1-036-02-0,046-1-036-02-0,1262659.53703052,712509.105151773,,N,YES,"Hospital, Admissions Entrance",Medical,,,Augusta,,-82.205277,33.453055,-81.981897,33.471089,"81d58'54.83""W","33d28'15.92""N",X
M,100,712396.0313,1262537.88,046-1-036-02-0,University Hospital,GPS,1350 Walton Way,Augusta,30901,,,,,,0,,802811,145680017,,,2004,,Augusta-Richmond County Tax Assessors Value,Essential Facility / Vulnerable Population,S2,COM6,"Hospital, Emergency Entrance",046-1-036-02-0,046-1-036-02-0,1262603.79094818,712019.336229235,,N,YES,"Hospital, Emergency Entrance",Medical,,,Augusta,,-82.213888,33.435555,-81.981897,33.471089,"81d58'54.83""W","33d28'15.92""N",X
M,100,678221.375,1267984.747,030-0-067-00-0,Doctor's Hospital,GPS,3651 Wheeler Road,Augusta,30909,,,,6,,1973,,"280,000","36,000,000","20,100,000",1997,1997,,,Essential Facility,,COM6,Hospital,030-0-067-00-0,030-0-067-00-0,1268168.53633702,677944.834247103,6/13/2005,N,,"Hospital, Emergency Entrance",Medical,,,Augusta,,-82.259166,33.64,-82.095236,33.486347,"82d05'42.85""W","33d29'10.85""N",X
M,100,678221.375,1267984.747,030-0-067-00-0,Doctor's Hospital,GPS,3651 Wheeler Road,Augusta,30909,,,,6,,1973,,"280,000","36,000,000","20,100,000",1997,1997,,,Essential Facility,,COM6,Hospital,030-0-067-00-0,030-0-067-00-0,1267980.90876122,678156.118068276,6/13/2005,N,,"Hospital, Admissions Entrance",Medical,,,Augusta,,-82.145,33.582777,-82.095236,33.486347,"82d05'42.85""W","33d29'10.85""N",X
M,100,701642.125,1260809.763,044-4-195-03-0,St Joseph's Hospital of Augusta,GPS,2260 Wrightsboro Road,Augusta,30904,,700,200,6,,1952,,"400,000",24753000,,,2004,,Augusta-Richmond County Tax Assessors Value,Essential Facility,,COM6,"Hospital, Emergency Entrance",044-4-195-03-0,044-4-195-03-0,1260762.17352171,701310.606514361,6/15/2005,N,YES,"Hospital, Emergency Entrance",Medical,,,Augusta,,-82.431944,33.831666,-82.018631,33.465925,"82d01'07.07""W","33d27'57.33""N",X
M,100,701642.125,1260809.763,044-4-195-03-0,St Joseph's Hospital of Augusta,GPS,2260 Wrightsboro Road,Augusta,30904,,700,200,6,,1952/1969/1979/1989,,"400,000",24753000,,,2004,,Augusta-Richmond County Tax Assessors Value,Essential Facility,,COM6,"Hospital, Admissions Entrance",044-4-195-03-0,044-4-195-03-0,1260722.82362944,701619.192287371,6/15/2005,N,YES,"Hospital, Admissions Entrance",Medical,,,Augusta,,-82.448055,33.798888,-82.018631,33.465925,"82d01'07.07""W","33d27'57.33""N",X
M,100,710843.6876,1263458.288,046-1-045-00-0,Augusta VA Medical Center (Downtown Division),,800 Bailie Drive,Augusta,30901,,,,7,,1980,,"628,225","105,000,000","70,000,000",1997,1997,,,Essential Facility,,COM6,"Hospital, Admissions Entrance",046-1-045-00-0,046-1-045-00-0,1263226.58682109,710383.313756397,,N,YES,"Hospital, Admissions Entrance",Medical,,,Augusta,,,,-81.988867,33.472658,"81d59'19.92""W","33d28'21.57""N",X
M,100,710843.6876,1263458.288,046-1-045-00-0,Augusta VA Medical Center (Downtown Division),,800 Bailie Drive,Augusta,30901,,,,7,,1980,,"628,225","105,000,000","70,000,000",1997,1997,,,Essential Facility,,COM6,"Hospital, Emergency Entrance",046-1-045-00-0,046-1-045-00-0,1263229.6156218,710583.21292741,,N,YES,"Hospital, Emergency Entrance",Medical,,,Augusta,,,,-81.988867,33.472658,"81d59'19.92""W","33d28'21.57""N",
,,,,034-3-022-00-0,RCBOE Robinson (Staff Dev),Parcel,2368 Cumming Road,Augusta,30904,Augusta,,,,,,,,,,,,,,Other Facility,,,Other School,,,,,,N,,Other School,Educational,,,Augusta,,,,,,,,X
,,,,035-3-238-00-0,RCBOE Central Office (Old),parcel,2079 Heckle Street,Augusta,30904,RCBOE,,,,,,,,,,,,,,Other Facility,,EDU1,Other School,,,,,,N,,Other School,Educational,,,Augusta,,,,,,,,X
,,,,058-2-060-00-0,RCBOE Warehouse,parcel,1545 1/2 15th Street,Augusta,30904,RCBOE,,,,,,,,,,,,,,Other Facility,,EDU1,Other School,,,,,,N,,Other School,Educational,,,Augusta,,,,,,,,X
,,,,047-1-260-00-0,Planning Commission,Parcel,525 Telfair Street,Augusta,30901,Augusta,,,3,,,,,,,,,,,Important Facility,,GOV1,Planning Commission,,,,,,N,,Public Building,Public Building,,,Augusta,,,,,,,,X
,,,,037-4-001-04-0,Riverwalk Marina,Parcel,Levee Road,Augusta,30901,"Augusta, GA",,,,,,,,,,,,,,Other Facility,,GOV1,Recreation Facility,,,,,,N,,Recreation Facility,Other,,,Augusta,UNDEVELOPED,,,,,,,X
,,,,062-0-008-00-0,Traffic Engineering,Parcel,Levee Road,Augusta,30901,Augusta,,,,,,,,,,,,,,Important Facility,,GOV1,Emergency Services,,,,,,N,,Public Building,Public Building,,,Augusta,,,,,,,,X
,,,,047-2-233-00-0,500 Building,Parcel,501 Greene Street,Augusta,30901,Augusta,,,,,,,,,,,,,,Other Facility,,GOV1,Public Building,,,,,,N,,Public Building,Public Building,,,Augusta,,,,,,,,X
,,,,036-1-142-00-0,Augusta Public Transit (Bus Services),Parcel,1548 Broad Street,Augusta,30904,Augusta,,,,,,,,,,,,,,Important Facility,,GOV2,Emergency Services,,,,,,N,,Public Building,Emergency Services,,,Augusta,,,,,,,,X
,,,,135-0-008-00-0,Augusta Wastewater Treatment Plant,Parcel,1820 Doug Barnard Pkwy,Augusta,30906,Augusta,,,,,,,,,,,,,,,,GOV1,Wastewater Treatment Plant,,,,,,N,,Wastewater Treatment Plant,WWTP,,,Augusta,,,,,,,,X
,,,,043-2-153-00-0,Augusta Water Works,Parcel,2822 Central Avenue,Augusta,30909,Augusta,,,,,,,,,,,,,,Water System,,GOV2,Water System,,,,,,N,,Water System,Water System,,,Augusta,,,,,,,,X
,,,,020-0-001-00-0,Augusta Water Pump Station,Parcel,2431 Riverlook Drive,Augusta,30904,Augusta,,,,,,,,,,,,,,Water System,,GOV2,Water System,,,,,,N,,Water System,Water System,Y,Y,Augusta,UNDEVELOPED,,,,,,,X
,,,,270-0-004-03-0,Water Tank & 2 Wells,Parcel,4446 Fulcher Road,Hephzibah,30815,Augusta,,,,,,,,,,,,,,,,,,,,,,,N,,,,,,,,,,,,,,X
,,,,,Water Tank,Aerial,4977 Windsor Spring Rd,Hephzibah,,Augusta,,,,,,,,,,,,,,,,,,,,,,,N,,,,,,,,,,,,,,X
,,,,,Well,,4772 Windsor Spring Rd,Hephzibah,,,,,,,,,,,,,,,,,,,,,,,,,N,,,,,,,,,,,,,,X
,,,,,Water Tank and Well,,2735 Keysville Rd,Hephzibah,,,,,,,,,,,,,,,,,,,,,,,,,N,,,,,,,,,,,,,,X
